Nome;Telefone;Cidade;Bairro;Perfil;UF;Latitude;Longitude
Aline Guimarães;(43) 99903-6404;Abatiá;;Eleitor;PR;-23.3036;-50.3419
Ana Beatriz Pereira De Carvalho;(43) 98804-0978;Abatiá;;Eleitor;PR;-23.3036;-50.3419
Bruno Anacleto Scarabel;(43) 99875-3841;Abatiá;;Eleitor;PR;-23.3036;-50.3419
Davi soares;(43) 99603-1520;Abatiá;;Eleitor;PR;-23.3036;-50.3419
Denize Dyeinne de Lima Neves;(43) 9844-7110;Abatiá;;Eleitor;PR;-23.3036;-50.3419
Denize Dyeinne de Lima Neves;(43) 99844-7110;Abatiá;;Eleitor;PR;-23.3036;-50.3419
Diana Dyeinne de Lima Neves;(43) 99658-5498;Abatiá;;Eleitor;PR;-23.3036;-50.3419
Eliana Alves Tomba;(43) 99931-2445;Abatiá;;Eleitor;PR;-23.3036;-50.3419
Fernando Castanho;(43) 99636-3344;Abatiá;;Eleitor;PR;-23.3036;-50.3419
Francisco Pereira Apparecido;(43) 99979-5697;Abatiá;;Eleitor;PR;-23.3036;-50.3419
Gilson costa;(43) 99127-9345;Abatiá;;Eleitor;PR;-23.3036;-50.3419
Jackson Willian Gobbo;(43) 99984-5196;Abatiá;;Eleitor;PR;-23.3036;-50.3419
Karina Pedroso;(43) 99612-2441;Abatiá;;Eleitor;PR;-23.3036;-50.3419
Lincoln Carvalho de Mello Albano;(43) 99803-3292;Abatiá;;Eleitor;PR;-23.3036;-50.3419
Lucas Henrique de Lima;(43) 99960-6131;Abatiá;;Eleitor;PR;-23.3036;-50.3419
Luciano Carvalho Guimarães;43-99607-4401;Abatiá;;Eleitor;PR;-23.3036;-50.3419
Manu;'+55 43 99955-8870;Abatiá;;Eleitor;PR;-23.3036;-50.3419
Marlon de brito;(15) 98100-5698;Abatiá;;Eleitor;PR;-23.3036;-50.3419
SILMARA RIBEIRO DA SILVA ROCHA;(43) 99910-6470;Abatiá;;Eleitor;PR;-23.3036;-50.3419
Thais aparecida Soares;(43) 99603-1530;Abatiá;;Eleitor;PR;-23.3036;-50.3419
Thaís Coelho figueiredo;(43) 98456-0799;Abatiá;;Eleitor;PR;-23.3036;-50.3419
Valdeci Rocha;(43) 99819-1539;Abatiá;;Eleitor;PR;-23.3036;-50.3419
Wagner Castilho;(43) 99601-3946;Abatiá;;Eleitor;PR;-23.3036;-50.3419
William Luis teixeira;(43) 99605-8717;Abatiá;;Eleitor;PR;-23.3036;-50.3419
Yohana Okada;43-99131-5249;Abatiá;;Eleitor;PR;-23.3036;-50.3419
YSNAIDER ALCANTARA CARDOZO;(43) 99934-2253;Abatiá;;Eleitor;PR;-23.3036;-50.3419
Gustavo;4588888888;Adrianópolis;;Eleitor;PR;-24.6608;-48.9903
Jesse;'+55 41 98819-2809;Agudos do Sul;;Eleitor;PR;-25.99;-49.3342
JOAO PAULO BATISTA TRISTAO;(41) 99916-5267;Almirante Tamandaré;;Eleitor;PR;-25.3178;-49.3031
Amarildo Costa;(43) 99107-9161;Alvorada do Sul;;Eleitor;PR;-22.8478;-51.23
Carlos Eduardo Daguano;(43) 99196-1762;Alvorada do Sul;;Eleitor;PR;-22.8478;-51.23
Jhon Cléber Barbosa;(43) 99159-3819;Alvorada do Sul;;Eleitor;PR;-22.8478;-51.23
Magali Stallmann;(43) 99955-7738;Alvorada do Sul;;Eleitor;PR;-22.8478;-51.23
Marcos Luiz Moura;(43) 99159-1460;Alvorada do Sul;;Eleitor;PR;-22.8478;-51.23
Marcos Pinduca;(43) 99800-2165;Alvorada do Sul;;Eleitor;PR;-22.8478;-51.23
Marquinhos Gasparelli;'+55 43 99137-1212;Alvorada do Sul;;Eleitor;PR;-22.8478;-51.23
Luchele Sirtoli;'+55 46 99978-5237;Ampére;;Eleitor;PR;-25.9167;-53.4661
Ademir Quirino da Rocha;(43) 99633-5598;Andirá;;Eleitor;PR;-23.0533;-50.2286
ADILSON DOS SANTOS;(43) 99661-1779;Andirá;;Eleitor;PR;-23.0533;-50.2286
Adriana Santos;(43) 99610-1252;Andirá;;Eleitor;PR;-23.0533;-50.2286
Antônio Carlos Vitorino;(43) 99859-1857;Andirá;;Eleitor;PR;-23.0533;-50.2286
Antônio Rodrigues de Araújo;(43) 99962-1387;Andirá;;Eleitor;PR;-23.0533;-50.2286
Christian vinicius Do Santos;(43) 99911-5253;Andirá;;Eleitor;PR;-23.0533;-50.2286
Clayton de Jesus galdeano;(43) 99907-0901;Andirá;;Eleitor;PR;-23.0533;-50.2286
Elenice do Amaral Silva;(43) 99628-2501;Andirá;;Eleitor;PR;-23.0533;-50.2286
Elidiane Junqueira dos Reis Cassitta;(43) 98424-0490;Andirá;;Eleitor;PR;-23.0533;-50.2286
Felipe Matheus dos Santos;(43) 99929-8200;Andirá;;Eleitor;PR;-23.0533;-50.2286
Fernando Teixeira de Oliveira;(43) 99913-2443;Andirá;;Eleitor;PR;-23.0533;-50.2286
Mauro Marcelo Alboneti;(43) 98434-7670;Andirá;;Eleitor;PR;-23.0533;-50.2286
Melhem Philippe Abboud;(43) 98453-9521;Andirá;;Eleitor;PR;-23.0533;-50.2286
Orlando Romildo do Amaral;(43) 98870-5537;Andirá;;Eleitor;PR;-23.0533;-50.2286
Pedro Augusto Valentini Santos;(43) 99938-3401;Andirá;;Eleitor;PR;-23.0533;-50.2286
Pepe;(43) 99654-8189;Andirá;;Eleitor;PR;-23.0533;-50.2286
Reginaldo Rodrigues;43999640254;Andirá;;Eleitor;PR;-23.0533;-50.2286
Rodinelle Cassitta;(43) 98830-1883;Andirá;;Eleitor;PR;-23.0533;-50.2286
Ronaldo rodrigues pereira;43999641550;Andirá;;Eleitor;PR;-23.0533;-50.2286
Rosemeire Martins Bezerra galdeano;(43) 99929-9094;Andirá;;Eleitor;PR;-23.0533;-50.2286
Rosilene Dias de Oliveira;43999149514;Andirá;;Eleitor;PR;-23.0533;-50.2286
Rubão Dentista;(43) 99977-9545;Andirá;;Eleitor;PR;-23.0533;-50.2286
Simone Leal dos Santos;(43) 99934-6942;Andirá;;Eleitor;PR;-23.0533;-50.2286
Toninho Dalaqu;'+55 43 99923-3396;Andirá;;Eleitor;PR;-23.0533;-50.2286
Valdemir Aparecido dos Santos ( Pontinho);(43) 99925-5310;Andirá;;Eleitor;PR;-23.0533;-50.2286
Vanderson;(43) 99651-6554;Andirá;;Eleitor;PR;-23.0533;-50.2286
Any Yamada;(43) 99928-2947;Apucarana;;Eleitor;PR;-23.5506;-51.4611
Carolina Scarpelini;(43) 99937-1476;Apucarana;;Eleitor;PR;-23.5506;-51.4611
João Augusto da Silva;(43) 99642-3415;Apucarana;;Eleitor;PR;-23.5506;-51.4611
Juliano Kazuo Tamia;(43) 98447-1934;Apucarana;;Eleitor;PR;-23.5506;-51.4611
Kazuo Tamia;(41) 99614-1200;Apucarana;;Eleitor;PR;-23.5506;-51.4611
Sebastião Felício da Silva;(43) 98870-3047;Apucarana;;Eleitor;PR;-23.5506;-51.4611
Alejandro de Carvalho;43-99635-4747;Arapongas;;Eleitor;PR;-23.4153;-51.4256
Andreia Mologni;(43) 99101-3444;Arapongas;;Eleitor;PR;-23.4153;-51.4256
Angela Maria Cardoso;(43) 99924-4024;Arapongas;;Eleitor;PR;-23.4153;-51.4256
Arthur Barbist Júnior;(43) 99875-0013;Arapongas;;Eleitor;PR;-23.4153;-51.4256
Carlos Alberto da Silva;(43) 99602-0568;Arapongas;;Eleitor;PR;-23.4153;-51.4256
Donizete Ribeiro;(43) 98869-6566;Arapongas;;Eleitor;PR;-23.4153;-51.4256
Edina Maria de Azevedo Kummel;(43) 99912-6869;Arapongas;;Eleitor;PR;-23.4153;-51.4256
EDMAR;'+55 43 99913-1517;Arapongas;;Eleitor;PR;-23.4153;-51.4256
Ellen Gabriel de Souza Mendonça;(43) 99820-1441;Arapongas;;Eleitor;PR;-23.4153;-51.4256
Enzo Pedroso Rabito Coltre;(43) 99952-4992;Arapongas;;Eleitor;PR;-23.4153;-51.4256
Fabiani Silvério Barbist;(43) 99601-1074;Arapongas;;Eleitor;PR;-23.4153;-51.4256
Fábio Carlos de Oliveira;43988209600;Arapongas;;Eleitor;PR;-23.4153;-51.4256
FÁBIO MÁGNER DOS REIS;(43) 99988-0924;Arapongas;;Eleitor;PR;-23.4153;-51.4256
Gabriela Cita;4395585485;Arapongas;;Eleitor;PR;-23.4153;-51.4256
Gilberto Adriane de Souza;(43) 9622-5708;Arapongas;;Eleitor;PR;-23.4153;-51.4256
Givanildo Berbet Alves;(43) 9966-6565;Arapongas;;Eleitor;PR;-23.4153;-51.4256
Grazieli Bonora;43999868065;Arapongas;;Eleitor;PR;-23.4153;-51.4256
Hector Cruz Azevedo;(43) 99146-0111;Arapongas;;Eleitor;PR;-23.4153;-51.4256
Jair Milani;'+55 43 99928-0971;Arapongas;;Eleitor;PR;-23.4153;-51.4256
Jeferson cortez;43999116171;Arapongas;;Eleitor;PR;-23.4153;-51.4256
José Eduardo Fialho do Espírito Santo;43-98804 1576;Arapongas;;Eleitor;PR;-23.4153;-51.4256
José Martim de Freitas;(43) 99972-0507;Arapongas;;Eleitor;PR;-23.4153;-51.4256
José Mendonça;43-99930-0165;Arapongas;;Eleitor;PR;-23.4153;-51.4256
João Abelardo Campos Mendonça;(43) 99960-1112;Arapongas;;Eleitor;PR;-23.4153;-51.4256
João Horwatich Filho;43-99972 3104;Arapongas;;Eleitor;PR;-23.4153;-51.4256
Julia de Souza Bianchini;(43) 99694-0055;Arapongas;;Eleitor;PR;-23.4153;-51.4256
Juliane Madalosso Ruiz Nunes;43-98411 9220;Arapongas;;Eleitor;PR;-23.4153;-51.4256
Kleber Ulisses Lima e Silva;(43) 99962-2585;Arapongas;;Eleitor;PR;-23.4153;-51.4256
Leornardo Oliveira;44997487070;Arapongas;;Eleitor;PR;-23.4153;-51.4256
Luiz Carlos de Andrade filho;(44) 99931-9606;Arapongas;;Eleitor;PR;-23.4153;-51.4256
Manuela Kummel Perez;(43) 99640-2780;Arapongas;;Eleitor;PR;-23.4153;-51.4256
Maria Eduarda de Souza;(43) 99189-6346;Arapongas;;Eleitor;PR;-23.4153;-51.4256
Mauricio Moreira dos Santos Júnior;(43) 99909-1764;Arapongas;;Eleitor;PR;-23.4153;-51.4256
Meiry Farias;(55) 43999-1156;Arapongas;;Eleitor;PR;-23.4153;-51.4256
Natalina Fernandes;(43) 99915-8674;Arapongas;;Eleitor;PR;-23.4153;-51.4256
Olandir Aparecido Farias;(43) 99973-3336;Arapongas;;Eleitor;PR;-23.4153;-51.4256
Paola Sancovich Dos Santos;(43) 99675-1473;Arapongas;;Eleitor;PR;-23.4153;-51.4256
Paulo Argati;'+55 43 99918-5591;Arapongas;;Eleitor;PR;-23.4153;-51.4256
Paulo Costa;43999714035;Arapongas;;Eleitor;PR;-23.4153;-51.4256
Priscila Elisangela Urbano da Silva;43996206123;Arapongas;;Eleitor;PR;-23.4153;-51.4256
Radames Bonora;(41) 99912-5154;Arapongas;;Eleitor;PR;-23.4153;-51.4256
Radauã Bonóra;43999179521;Arapongas;;Eleitor;PR;-23.4153;-51.4256
Rafael dos Santos Gomes;4399301953;Arapongas;;Eleitor;PR;-23.4153;-51.4256
Rosana Belo;'+55 43 99977-0969;Arapongas;;Eleitor;PR;-23.4153;-51.4256
Roseline Aparecida Martins;43996805585;Arapongas;;Eleitor;PR;-23.4153;-51.4256
Sammuel Santos Sponton;(43) 98852-1422;Arapongas;;Eleitor;PR;-23.4153;-51.4256
SEBASTIAO FERREIRA DA SILVA;(43) 99928-2175;Arapongas;;Eleitor;PR;-23.4153;-51.4256
Sharmilla Orlando;43988407065;Arapongas;;Eleitor;PR;-23.4153;-51.4256
Silvano Santos;(43) 99966-6570;Arapongas;;Eleitor;PR;-23.4153;-51.4256
Simone de Almeida Santos;(43) 99186-8604;Arapongas;;Eleitor;PR;-23.4153;-51.4256
Sérgio Rogério;43991613833;Arapongas;;Eleitor;PR;-23.4153;-51.4256
Valdir piraccini;(43) 99933-1627;Arapongas;;Eleitor;PR;-23.4153;-51.4256
Vanessa Cristiane Pedroso;(43) 99925-2148;Arapongas;;Eleitor;PR;-23.4153;-51.4256
Willian Marques;43996098821;Arapongas;;Eleitor;PR;-23.4153;-51.4256
Adolf Aragon;(43) 98404-1590;Arapoti;;Eleitor;PR;-24.1561;-49.8297
Alessandra Heuer;(42) 9918-7122;Arapoti;;Eleitor;PR;-24.1561;-49.8297
Alessandra Heuer;(43) 9152-0678;Arapoti;;Eleitor;PR;-24.1561;-49.8297
Ana Claudia Pereira;(43) 9926-9466;Arapoti;;Eleitor;PR;-24.1561;-49.8297
Dirceu Antônio Osmarini;(43) 99979-1452;Arapoti;;Eleitor;PR;-24.1561;-49.8297
Erick Bosch;(43) 98802-1214;Arapoti;;Eleitor;PR;-24.1561;-49.8297
Evandro Terra Júnior;(43) 98411-2112;Arapoti;;Eleitor;PR;-24.1561;-49.8297
Irani José Barros;(43) 99979-1087;Arapoti;;Eleitor;PR;-24.1561;-49.8297
Jan Roelof Pot;(43) 99951-4481;Arapoti;;Eleitor;PR;-24.1561;-49.8297
Maria Gabrielly Dacal Cereja;43996169766;Arapoti;;Eleitor;PR;-24.1561;-49.8297
Nerilda;'+55 43 99828-9914;Arapoti;;Eleitor;PR;-24.1561;-49.8297
Pedro Eloi;(43) 99979-1700;Arapoti;;Eleitor;PR;-24.1561;-49.8297
Rosieli daldegan;43996407226;Arapoti;;Eleitor;PR;-24.1561;-49.8297
Vanessa Novochadlo Baggio;(43) 99655-7830;Arapoti;;Eleitor;PR;-24.1561;-49.8297
Wielfred Alberts;(43) 99969-8728;Arapoti;;Eleitor;PR;-24.1561;-49.8297
welington junior;(43) 99908-0034;Araucária;;Eleitor;PR;-25.5928;-49.4053
Alessandro Cezar Torquato;(43) 99966-1004;Assaí;;Eleitor;PR;-23.3703;-50.8439
CAMILA GONÇALVES CUSTÓDIO;(43) 99606-8102;Assaí;;Eleitor;PR;-23.3703;-50.8439
Jose Joaquim Custodio;(43) 99906-5962;Assaí;;Eleitor;PR;-23.3703;-50.8439
José Guilherme;(43) 98474-7725;Assaí;;Eleitor;PR;-23.3703;-50.8439
Julio Akira Koyama;(43) 99950-3639;Assaí;;Eleitor;PR;-23.3703;-50.8439
Júnior Cesar;(43) 98456-5114;Assaí;;Eleitor;PR;-23.3703;-50.8439
ROSANO CUSTODIO;(43) 99810-5041;Assaí;;Eleitor;PR;-23.3703;-50.8439
Yudi Matssue;(43) 99677-5844;Assaí;;Eleitor;PR;-23.3703;-50.8439
VALDEMAR DA SILVA MELATO;'+55 44 98457-1525;Assis Chateaubriand;;Eleitor;PR;-24.4175;-53.5172
Malu;'+55 44 99801-5199;Astorga;;Eleitor;PR;-23.2311;-51.665
Adenilson de Souza Fernandes;(43) 99932-7481;Bandeirantes;;Eleitor;PR;-23.11;-50.37
Agnaldo Aparecido Beraldo;(43) 99623-6058;Bandeirantes;;Eleitor;PR;-23.11;-50.37
Anderson Silva;(43) 99905-0366;Bandeirantes;;Eleitor;PR;-23.11;-50.37
Andreza Aparecida Vasconcelos;(43) 99903-0276;Bandeirantes;;Eleitor;PR;-23.11;-50.37
André Teodoro;'+55 43 99964-0101;Bandeirantes;;Eleitor;PR;-23.11;-50.37
Antonio Donizetti de Souza;(43) 98806-2538;Bandeirantes;;Eleitor;PR;-23.11;-50.37
Antônio Martin;(43) 99977-4282;Bandeirantes;;Eleitor;PR;-23.11;-50.37
Brian Kim Neves;(43) 99194-6726;Bandeirantes;;Eleitor;PR;-23.11;-50.37
Celso Benedito da Silva;(43) 99989-8533;Bandeirantes;;Eleitor;PR;-23.11;-50.37
Claudinei montini;(43) 99982-7205;Bandeirantes;;Eleitor;PR;-23.11;-50.37
Cleodete Beraldo;(43) 99605-4149;Bandeirantes;;Eleitor;PR;-23.11;-50.37
Daniel Jr;'+55 43 99130-2502;Bandeirantes;;Eleitor;PR;-23.11;-50.37
Daniel Rosa de Lima;43999111829;Bandeirantes;;Eleitor;PR;-23.11;-50.37
Daniela Lopes;(43) 99828-8848;Bandeirantes;;Eleitor;PR;-23.11;-50.37
Dejair Jorge da Silva;(43) 99955-7917;Bandeirantes;;Eleitor;PR;-23.11;-50.37
Dionísia da Silva;(43) 99977-4515;Bandeirantes;;Eleitor;PR;-23.11;-50.37
Edejalma Vasconcelos;(43) 9952-1352;Bandeirantes;;Eleitor;PR;-23.11;-50.37
Eliel Ferreira de Sousa;(64) 99292-3610;Bandeirantes;;Eleitor;PR;-23.11;-50.37
Eliezer Ferreira de Sousa;(64) 99213-3656;Bandeirantes;;Eleitor;PR;-23.11;-50.37
Ellyne Dhyane Ferreira Sousa Bonetti;(43) 98830-6868;Bandeirantes;;Eleitor;PR;-23.11;-50.37
Fernando de Lima;(43) 99932-8360;Bandeirantes;;Eleitor;PR;-23.11;-50.37
Flávia Silva;(43) 98499-1105;Bandeirantes;;Eleitor;PR;-23.11;-50.37
Francisco de Assis Goulart Barbosa;(43) 9649-8693;Bandeirantes;;Eleitor;PR;-23.11;-50.37
Geneilda Justino;(15) 99860-4821;Bandeirantes;;Eleitor;PR;-23.11;-50.37
GUSTAVO RODOLPHO REIS GARCIA MIRANDA;(43) 99803-3376;Bandeirantes;;Eleitor;PR;-23.11;-50.37
Heliston Henriques;(43) 99659-0201;Bandeirantes;;Eleitor;PR;-23.11;-50.37
Jofyster Almeida faria dos santos;(43) 99988-5710;Bandeirantes;;Eleitor;PR;-23.11;-50.37
Josue Muniz Barbosa;66996948994;Bandeirantes;;Eleitor;PR;-23.11;-50.37
José Aparecido Carli;(43) 98810-8345;Bandeirantes;;Eleitor;PR;-23.11;-50.37
Joverson faria dos Santos;(43) 99834-2483;Bandeirantes;;Eleitor;PR;-23.11;-50.37
João Carlos Siviero;(43) 98808-1088;Bandeirantes;;Eleitor;PR;-23.11;-50.37
Juca Do Sertaozinho;'+55 43 99628-2710;Bandeirantes;;Eleitor;PR;-23.11;-50.37
Julio Cesar de Souza;(43) 99982-1972;Bandeirantes;;Eleitor;PR;-23.11;-50.37
Kerolayne Almeida faria dos santos;(43) 99936-7083;Bandeirantes;;Eleitor;PR;-23.11;-50.37
Laura Regina Teodoro da Silva Souza;(43) 99691-4491;Bandeirantes;;Eleitor;PR;-23.11;-50.37
Liane Rose da Silva;(43) 99977-3010;Bandeirantes;;Eleitor;PR;-23.11;-50.37
Lucas Eduardo Beraldo;(43) 99127-9946;Bandeirantes;;Eleitor;PR;-23.11;-50.37
luciano souza vasconcelos;(43) 99862-5729;Bandeirantes;;Eleitor;PR;-23.11;-50.37
Luiz Otávio Messias da Silva;(43) 99967-5717;Bandeirantes;;Eleitor;PR;-23.11;-50.37
Luiz Roberto Batista de Almeida;(43) 9846-9779;Bandeirantes;;Eleitor;PR;-23.11;-50.37
Luiz Sérgio dos Santos;(43) 99977-2839;Bandeirantes;;Eleitor;PR;-23.11;-50.37
Luiza de Fátima F. de S. Trindade;(43) 99968-5713;Bandeirantes;;Eleitor;PR;-23.11;-50.37
Marcia Moskado;(43) 99914-4551;Bandeirantes;;Eleitor;PR;-23.11;-50.37
Marcos adriano botini;(43) 99139-4069;Bandeirantes;;Eleitor;PR;-23.11;-50.37
Maria Clara Bernini Silva;(43) 98865-2758;Bandeirantes;;Eleitor;PR;-23.11;-50.37
Maria Eduarda Cesco;(43) 99671-7618;Bandeirantes;;Eleitor;PR;-23.11;-50.37
Maria Glória beltramin Souza;43999174580;Bandeirantes;;Eleitor;PR;-23.11;-50.37
Maria Luiza Gusmão Costa;(43) 99807-9059;Bandeirantes;;Eleitor;PR;-23.11;-50.37
Mauro Donizeti Fabian;(43) 99661-3277;Bandeirantes;;Eleitor;PR;-23.11;-50.37
Neusa Bernini;(43) 99977-1971;Bandeirantes;;Eleitor;PR;-23.11;-50.37
Nilton da França;(43) 99633-4045;Bandeirantes;;Eleitor;PR;-23.11;-50.37
Pedro aparecido da silva;(43) 99977-3442;Bandeirantes;;Eleitor;PR;-23.11;-50.37
pedro henrique silva;(43) 99989-8535;Bandeirantes;;Eleitor;PR;-23.11;-50.37
Raab faria dos Santos;(43) 99871-0743;Bandeirantes;;Eleitor;PR;-23.11;-50.37
Rafael Teruel Bonetti;(43) 99628-6720;Bandeirantes;;Eleitor;PR;-23.11;-50.37
Roberto Machado;(19) 98388-1153;Bandeirantes;;Eleitor;PR;-23.11;-50.37
Roberto Magalhães Trindade;(43) 99977-2606;Bandeirantes;;Eleitor;PR;-23.11;-50.37
Rogério Magalhães Trindade;(49) 98401-2896;Bandeirantes;;Eleitor;PR;-23.11;-50.37
Romulo Farias;(43) 99671-6227;Bandeirantes;;Eleitor;PR;-23.11;-50.37
Ronnis;'+55 43 99977-5580;Bandeirantes;;Eleitor;PR;-23.11;-50.37
Rosiane Giraldeli Fabian;(43) 99848-4442;Bandeirantes;;Eleitor;PR;-23.11;-50.37
Rosângela do Carmo Perez e Souza;(43) 99600-4640;Bandeirantes;;Eleitor;PR;-23.11;-50.37
Sandro Aparecido Sartorio;(43) 99108-5236;Bandeirantes;;Eleitor;PR;-23.11;-50.37
Sergio Silva;43996278004;Bandeirantes;;Eleitor;PR;-23.11;-50.37
Sidiney do Nascimento;(43) 99918-4582;Bandeirantes;;Eleitor;PR;-23.11;-50.37
Suelen Vanessa Vasconcelos Siviero;(43) 98803-3165;Bandeirantes;;Eleitor;PR;-23.11;-50.37
Tiago Fraxino de Almeida;(43) 99977-0214;Bandeirantes;;Eleitor;PR;-23.11;-50.37
Vicente Valentim da silva;(43) 9984-0737;Bandeirantes;;Eleitor;PR;-23.11;-50.37
Victoria parisotto;(43) 99819-0926;Bandeirantes;;Eleitor;PR;-23.11;-50.37
Virlei Malfatti;(43) 99966-1567;Bandeirantes;;Eleitor;PR;-23.11;-50.37
Wilson Aparecido de Souza;(43) 98877-3939;Bandeirantes;;Eleitor;PR;-23.11;-50.37
Wilson Tiago da Rocha;(43) 99900-7635;Bandeirantes;;Eleitor;PR;-23.11;-50.37
ZE BOLINHA;(43) 99975-1419;Bandeirantes;;Eleitor;PR;-23.11;-50.37
Áurea Vidal de Lima;43999695998;Bandeirantes;;Eleitor;PR;-23.11;-50.37
Ailson José Dutra;(43) 99628-7183;Barra do Jacaré;;Eleitor;PR;-23.1153;-50.1825
Alexsander Augusto do Nascimento;(43) 99842-3623;Barra do Jacaré;;Eleitor;PR;-23.1153;-50.1825
Anéssimo Paleira Calixto;(43) 99781-0542;Barra do Jacaré;;Eleitor;PR;-23.1153;-50.1825
Aparecido Barra;(43) 99834-2745;Barra do Jacaré;;Eleitor;PR;-23.1153;-50.1825
Daniel Gonçalves da Costa;(43) 99663-0042;Barra do Jacaré;;Eleitor;PR;-23.1153;-50.1825
Dinir Felipe Santiago;(43) 99962-7911;Barra do Jacaré;;Eleitor;PR;-23.1153;-50.1825
Donizete dos Santos;(43) 99648-5523;Barra do Jacaré;;Eleitor;PR;-23.1153;-50.1825
Donizete Gusmão;(43) 99686-6493;Barra do Jacaré;;Eleitor;PR;-23.1153;-50.1825
Edalberto Alexandro Goulart;(43) 99954-0544;Barra do Jacaré;;Eleitor;PR;-23.1153;-50.1825
Edival do Nascimento;(43) 99648-5141;Barra do Jacaré;;Eleitor;PR;-23.1153;-50.1825
Elenice Dutra Albonetti;(43) 99665-3573;Barra do Jacaré;;Eleitor;PR;-23.1153;-50.1825
Gibinho;(43) 99836-7494;Barra do Jacaré;;Eleitor;PR;-23.1153;-50.1825
Izael Dutra;(43) 99974-4327;Barra do Jacaré;;Eleitor;PR;-23.1153;-50.1825
Jamil Zanatta;(43) 99640-6698;Barra do Jacaré;;Eleitor;PR;-23.1153;-50.1825
Jeferson Juliano Zanatta;(43) 99918-0112;Barra do Jacaré;;Eleitor;PR;-23.1153;-50.1825
Joel Calixto;(43) 99612-0205;Barra do Jacaré;;Eleitor;PR;-23.1153;-50.1825
Jorge João Pereira Filho;(43) 99640-4222;Barra do Jacaré;;Eleitor;PR;-23.1153;-50.1825
José Aparecido Procópio;(43) 99900-3019;Barra do Jacaré;;Eleitor;PR;-23.1153;-50.1825
Jurandir Goular;(43) 99958-1947;Barra do Jacaré;;Eleitor;PR;-23.1153;-50.1825
Luciana Apda Bernardino Del Padre;(43) 99907-8624;Barra do Jacaré;;Eleitor;PR;-23.1153;-50.1825
Lucélia Silvério Muniz Donha;(43) 99925-3591;Barra do Jacaré;;Eleitor;PR;-23.1153;-50.1825
Léo Zanatta;(43) 99628-4274;Barra do Jacaré;;Eleitor;PR;-23.1153;-50.1825
Maria de Lourdes Porto;(43) 99968-7643;Barra do Jacaré;;Eleitor;PR;-23.1153;-50.1825
Rafaela Lourenço Aguiar;(43) 99978-1168;Barra do Jacaré;;Eleitor;PR;-23.1153;-50.1825
Rene Valeriano de Oliveira;(43) 99938-1188;Barra do Jacaré;;Eleitor;PR;-23.1153;-50.1825
Valdir Garcia Gebim;(43) 99655-2177;Barra do Jacaré;;Eleitor;PR;-23.1153;-50.1825
Weslley Orsini Ria;(43) 99110-2743;Barra do Jacaré;;Eleitor;PR;-23.1153;-50.1825
Carlos Romeu Georgini;(43) 99813-3612;Bela Vista do Paraíso;;Eleitor;PR;-22.9933;-51.1947
Edson Vieira BRENE;(43) 99961-0477;Bela Vista do Paraíso;;Eleitor;PR;-22.9933;-51.1947
Elicler Luiz de Souza;(43) 98803-6549;Bela Vista do Paraíso;;Eleitor;PR;-22.9933;-51.1947
Elisete Vilaça;43 9181-3808;Bela Vista do Paraíso;;Eleitor;PR;-22.9933;-51.1947
Jane Zanon;(43) 9918-3081;Bela Vista do Paraíso;;Eleitor;PR;-22.9933;-51.1947
Lucinei Santana;(43) 9915-7241;Bela Vista do Paraíso;;Eleitor;PR;-22.9933;-51.1947
Lucinei Santana;(43) 99147-0279;Bela Vista do Paraíso;;Eleitor;PR;-22.9933;-51.1947
Maria Gabriela Bueno;(46) 99936-6877;Bela Vista do Paraíso;;Eleitor;PR;-22.9933;-51.1947
Marilice;(43) 9628-4029;Bela Vista do Paraíso;;Eleitor;PR;-22.9933;-51.1947
Roldinele Beluci Meira;43996157511;Bela Vista do Paraíso;;Eleitor;PR;-22.9933;-51.1947
Rondinele Beluci Meira;(43) 99915-7511;Bela Vista do Paraíso;;Eleitor;PR;-22.9933;-51.1947
Guilherme Ranssolin Madeira Randa;'+55 42 98837-0411;Bituruna;;Eleitor;PR;-26.1603;-51.5547
Oscimar José Sperandio;43-99924-1239;Cafeara;;Eleitor;PR;-22.7911;-51.7058
Juninho;'+55 44 98432-7918;Cafezal do Sul;;Eleitor;PR;-23.9;-53.5153
Taka - Cafezal Sul;'+55 44 98426-3295;Cafezal do Sul;;Eleitor;PR;-23.9;-53.5153
DANIEL LUCAS DOS SANTOS MATTOS;(43) 99912-8612;Califórnia;;Eleitor;PR;-23.6572;-51.3558
Eder lucas dos Santos Mattos;(43) 99911-8202;Califórnia;;Eleitor;PR;-23.6572;-51.3558
Fabio Henrique Moraes;(43) 99800-4816;Califórnia;;Eleitor;PR;-23.6572;-51.3558
Rosano Pires;(43) 98873-7464;Califórnia;;Eleitor;PR;-23.6572;-51.3558
Vlademiro soares dos santos;(43) 99950-3631;Califórnia;;Eleitor;PR;-23.6572;-51.3558
Aline Coelho;(43) 9953-2456;Cambará;;Eleitor;PR;-23.0428;-50.0753
Alison melo;(43) 99977-1209;Cambará;;Eleitor;PR;-23.0428;-50.0753
Ana Célia Paiva de Oliveira;(43) 99695-8308;Cambará;;Eleitor;PR;-23.0428;-50.0753
Ana Luísa Qualia;(43) 99657-3535;Cambará;;Eleitor;PR;-23.0428;-50.0753
Claudia yumi m.r. Ferreira;43996275000;Cambará;;Eleitor;PR;-23.0428;-50.0753
Danielle dos Santos Ribeiro;43998292801;Cambará;;Eleitor;PR;-23.0428;-50.0753
Davi oaiva;(43) 99652-4389;Cambará;;Eleitor;PR;-23.0428;-50.0753
Diogo Aparecido Gonçalves;(11) 95407-8916;Cambará;;Eleitor;PR;-23.0428;-50.0753
Fabiano rodrigues Ferreira;43999770500;Cambará;;Eleitor;PR;-23.0428;-50.0753
Fabio rodrigues ferreira;43999775372;Cambará;;Eleitor;PR;-23.0428;-50.0753
Flávio Ramos;(43) 9956-9824;Cambará;;Eleitor;PR;-23.0428;-50.0753
Francisco Peres;(43) 99634-1884;Cambará;;Eleitor;PR;-23.0428;-50.0753
Gregory Portes;43999526698;Cambará;;Eleitor;PR;-23.0428;-50.0753
Haggi Neto;'+55 43 99611-8456;Cambará;;Eleitor;PR;-23.0428;-50.0753
Islan Vicente;(43) 99139-2610;Cambará;;Eleitor;PR;-23.0428;-50.0753
JOAO MATTAR OLIVATO;(43) 99911-9110;Cambará;;Eleitor;PR;-23.0428;-50.0753
JOSE CLEBER CARULLA;(43) 98403-5034;Cambará;;Eleitor;PR;-23.0428;-50.0753
José Salim Haggi Neto;(43) 99147-5835;Cambará;;Eleitor;PR;-23.0428;-50.0753
João Antônio Castro;(43) 9979-1851;Cambará;;Eleitor;PR;-23.0428;-50.0753
Junior Olivato;(43) 99962-9988;Cambará;;Eleitor;PR;-23.0428;-50.0753
Júnior Olivato;(43) 9679-9209;Cambará;;Eleitor;PR;-23.0428;-50.0753
Lazaro Aparecido Marins;(43) 9975-7085;Cambará;;Eleitor;PR;-23.0428;-50.0753
LUIS FELIPE GABRIEL LOPES;(43) 99625-2856;Cambará;;Eleitor;PR;-23.0428;-50.0753
Marcos Roberto de Oliveira filho;(43) 99690-8128;Cambará;;Eleitor;PR;-23.0428;-50.0753
Marcos Roberto de Oliveira tetinha;(43) 99837-9669;Cambará;;Eleitor;PR;-23.0428;-50.0753
Marlene Teresa Carulla;(43) 99904-9212;Cambará;;Eleitor;PR;-23.0428;-50.0753
Paulo Leal;(43) 99977-4481;Cambará;;Eleitor;PR;-23.0428;-50.0753
Rosa paiva;(43) 99845-7369;Cambará;;Eleitor;PR;-23.0428;-50.0753
Sementes Sorria Sandro Menossi Sakamoto;(43) 99984-2886;Cambará;;Eleitor;PR;-23.0428;-50.0753
Silvana M rodrigues;43998630005;Cambará;;Eleitor;PR;-23.0428;-50.0753
Tancredo Vicente;(43) 99603-0753;Cambará;;Eleitor;PR;-23.0428;-50.0753
Tatiani Domingues;43996479398;Cambará;;Eleitor;PR;-23.0428;-50.0753
Vanessa Matsubara dos Reis;(43) 99904-8332;Cambará;;Eleitor;PR;-23.0428;-50.0753
Waldomiro Mendes Sansana;(43) 99667-8913;Cambará;;Eleitor;PR;-23.0428;-50.0753
Wellington Bódinho;(43) 99696-6757;Cambará;;Eleitor;PR;-23.0428;-50.0753
Antônio Ricardo Coelho de Farias;(43) 99972-4475;Cambira;;Eleitor;PR;-23.59;-51.5778
Pedro Pellissari;15981009819;Cambé;;Eleitor;PR;-23.2756;-51.2781
Valéria Melo nogueira;43996184060;Cambé;;Eleitor;PR;-23.2756;-51.2781
Bento Vidal;'+55 41 99244-9492;Campo Largo;;Eleitor;PR;-25.4594;-49.5286
LUIZ DANIEL TORRES;41991175710;Campo Largo;;Eleitor;PR;-25.4594;-49.5286
Marilis Borgo Karachenski;41-99950-3199;Campo Largo;;Eleitor;PR;-25.4594;-49.5286
Marilís Borgo;'+55 41 99995-0319;Campo Largo;;Eleitor;PR;-25.4594;-49.5286
PEDRO BARAUSSE;'+55 41 99289-3501;Campo Largo;;Eleitor;PR;-25.4594;-49.5286
Alecsandra Jarek Boza;(41) 99957-3814;Campo Magro;;Eleitor;PR;-25.3678;-49.4497
Camila Vieira Bueno de Lara;(41) 99514-3290;Campo Magro;;Eleitor;PR;-25.3678;-49.4497
Dirlene Vieira Bueno de Lara;(41) 99921-4010;Campo Magro;;Eleitor;PR;-25.3678;-49.4497
Emannuel Luiz Batista;(41) 98805-4321;Campo Magro;;Eleitor;PR;-25.3678;-49.4497
Geovana Boza;(41) 99256-5451;Campo Magro;;Eleitor;PR;-25.3678;-49.4497
Rafael Jhonathan Silva;(41) 98825-7539;Campo Magro;;Eleitor;PR;-25.3678;-49.4497
Rilton Boza ( Bozinha);(41) 99957-3628;Campo Magro;;Eleitor;PR;-25.3678;-49.4497
Álvaro Bueno de Lara;(41) 99629-5177;Campo Magro;;Eleitor;PR;-25.3678;-49.4497
ANDERSON GANACIN;(44) 99876-5377;Campo Mourão;;Eleitor;PR;-24.0453;-52.3828
Cezar Bronzel;'+55 44 98404-7027;Campo Mourão;;Eleitor;PR;-24.0453;-52.3828
Sonia De Oliveira;'+55 44 99978-1235;Campo Mourão;;Eleitor;PR;-24.0453;-52.3828
Afonso Celso Baldrati;42-99992-8788;Carambeí;;Eleitor;PR;-24.9164;-50.0978
Aguiar Wolter;42-99978-0888;Carambeí;;Eleitor;PR;-24.9164;-50.0978
Alan Felipe Fagundes;42 9918-8472;Carambeí;;Eleitor;PR;-24.9164;-50.0978
Diego de Jesus da Silva;42 9819-8919;Carambeí;;Eleitor;PR;-24.9164;-50.0978
Geraldo Slob;'+55 42 98827-6530;Carambeí;;Eleitor;PR;-24.9164;-50.0978
Osmar Blum;42 9975-0935;Carambeí;;Eleitor;PR;-24.9164;-50.0978
Adriana Barbosa;(43) 99987-5301;Carlópolis;;Eleitor;PR;-23.4261;-49.7253
Alceu;'+55 43 99641-7233;Carlópolis;;Eleitor;PR;-23.4261;-49.7253
Amanda Giovana Amaral Mansur Mansur;(43) 99622-2895;Carlópolis;;Eleitor;PR;-23.4261;-49.7253
Amarildo Bezerra;(43) 99129-6884;Carlópolis;;Eleitor;PR;-23.4261;-49.7253
Ana Lúcia Moreno da Silva;(43) 98814-4849;Carlópolis;;Eleitor;PR;-23.4261;-49.7253
Camila França Dias do Couto;(43) 99864-8428;Carlópolis;;Eleitor;PR;-23.4261;-49.7253
Daniel Dianas Ribeiro;14991360766;Carlópolis;;Eleitor;PR;-23.4261;-49.7253
Daniel Dias do Couto;(43) 99901-0093;Carlópolis;;Eleitor;PR;-23.4261;-49.7253
Eugenio malanowski falarz;43996732544;Carlópolis;;Eleitor;PR;-23.4261;-49.7253
Fabiano Alpheu Barone Barbosa;(43) 99977-3939;Carlópolis;;Eleitor;PR;-23.4261;-49.7253
Fabiano Mazini;(43) 9976-4548;Carlópolis;;Eleitor;PR;-23.4261;-49.7253
Gustavo Antonio Farias;(43) 99618-9680;Carlópolis;;Eleitor;PR;-23.4261;-49.7253
Heitor ilhanes;(11) 94735-6625;Carlópolis;;Eleitor;PR;-23.4261;-49.7253
Isaac;'+55 43 99112-3508;Carlópolis;;Eleitor;PR;-23.4261;-49.7253
ISAAC TAVARES DA SILVA;(43) 98843-9760;Carlópolis;;Eleitor;PR;-23.4261;-49.7253
Janete Ilhanes;(11) 98229-1631;Carlópolis;;Eleitor;PR;-23.4261;-49.7253
Jorge Fernando da Silva;(43) 99833-8479;Carlópolis;;Eleitor;PR;-23.4261;-49.7253
Jose Merhi Mansur Filho;(43) 99152-7331;Carlópolis;;Eleitor;PR;-23.4261;-49.7253
Josiel Miranda;(43) 99953-8074;Carlópolis;;Eleitor;PR;-23.4261;-49.7253
José Marcos Farias;(43) 99859-8780;Carlópolis;;Eleitor;PR;-23.4261;-49.7253
João;(41) 9636-0908;Carlópolis;;Eleitor;PR;-23.4261;-49.7253
JULIO CESAR DE SILVA;(43) 99912-8663;Carlópolis;;Eleitor;PR;-23.4261;-49.7253
Keila Suzana Almeida de Oliveira;(43) 99112-7671;Carlópolis;;Eleitor;PR;-23.4261;-49.7253
LUCAS EDUARDO ORLANDINI;(43) 98413-1000;Carlópolis;;Eleitor;PR;-23.4261;-49.7253
Luiz Menezes Bueno;(43) 99825-0614;Carlópolis;;Eleitor;PR;-23.4261;-49.7253
Luiza Dias do Couto;(43) 99928-5575;Carlópolis;;Eleitor;PR;-23.4261;-49.7253
Marcelo Teixeira;(43) 9117-8878;Carlópolis;;Eleitor;PR;-23.4261;-49.7253
Marcio custodio alves;(43) 99176-0431;Carlópolis;;Eleitor;PR;-23.4261;-49.7253
Nilton Douglas de Meira;(43) 99802-0607;Carlópolis;;Eleitor;PR;-23.4261;-49.7253
Renée;'+55 43 99979-4201;Carlópolis;;Eleitor;PR;-23.4261;-49.7253
Roney;(43) 9641-7999;Carlópolis;;Eleitor;PR;-23.4261;-49.7253
Thiago Rocha de Oliveira;(43) 99982-8347;Carlópolis;;Eleitor;PR;-23.4261;-49.7253
Vilma Alves da Silva;(43) 98439-1091;Carlópolis;;Eleitor;PR;-23.4261;-49.7253
Eloi Jensen;'+55 45 99969-3003;Cascavel;;Eleitor;PR;-24.9578;-53.4596
Emerson;'+55 42 99993-9538;Cascavel;;Eleitor;PR;-24.9578;-53.4596
Gilson Pessoa;'+55 45 99127-8282;Cascavel;;Eleitor;PR;-24.9578;-53.4596
Maria Beatriz Orso;'+55 45 99972-6258;Cascavel;;Eleitor;PR;-24.9578;-53.4596
Paulo Orso;'+55 45 99972-3059;Cascavel;;Eleitor;PR;-24.9578;-53.4596
Rogerio Rizardi;'+55 45 99972-8877;Cascavel;;Eleitor;PR;-24.9578;-53.4596
Tiago Almeida;'+55 45 99984-0453;Cascavel;;Eleitor;PR;-24.9578;-53.4596
Valdomiro Cantini;'+55 45 99978-8111;Cascavel;;Eleitor;PR;-24.9578;-53.4596
Anderson Moreira;'+55 42 99973-0224;Castro;;Eleitor;PR;-24.7908;-50.0117
Armando Carvalho;'+55 42 99973-2619;Castro;;Eleitor;PR;-24.7908;-50.0117
Castrolanda Willem Berend Bouwman;(42) 8809-8008;Castro;;Eleitor;PR;-24.7908;-50.0117
Eduardo Medeiros Gomes;(42) 99918-9455;Castro;;Eleitor;PR;-24.7908;-50.0117
Erik Petter;'+55 42 99915-0007;Castro;;Eleitor;PR;-24.7908;-50.0117
Joel Fadel;'+55 42 99928-1900;Castro;;Eleitor;PR;-24.7908;-50.0117
Jovenil Rodrigues;'+55 42 99905-6033;Castro;;Eleitor;PR;-24.7908;-50.0117
Marcos Roberto Pusch Bertolini;(42) 99973-1213;Castro;;Eleitor;PR;-24.7908;-50.0117
Michelle Nocera Fadel;'+55 42 99810-0989;Castro;;Eleitor;PR;-24.7908;-50.0117
Moacyr Elias Fadel Junior;(42) 98805-8039;Castro;;Eleitor;PR;-24.7908;-50.0117
Neto Fadel;'+55 42 99999-0017;Castro;;Eleitor;PR;-24.7908;-50.0117
Melquiades Tavian Junior;(43) 99150-1348;Centenário do Sul;;Eleitor;PR;-22.8194;-51.5972
Sérgio Pizolato;(34) 99172-1141;Centenário do Sul;;Eleitor;PR;-22.8194;-51.5972
Thaís Daiane Vieira de Carvalho;(43) 99142-2826;Centenário do Sul;;Eleitor;PR;-22.8194;-51.5972
Ticiane Meneghetti Bazetto;(43) 99134-3650;Centenário do Sul;;Eleitor;PR;-22.8194;-51.5972
Walter;'+55 43 99139-5395;Centenário do Sul;;Eleitor;PR;-22.8194;-51.5972
Marisa Mior Acorsi;'+55 46 99105-0667;Chopinzinho;;Eleitor;PR;-25.8556;-52.5192
Amanda Tiemi Kay Carvalho;(44) 98858-8866;Cianorte;;Eleitor;PR;-23.6625;-52.6047
Gustavo gentile digiorgio;(44) 99808-8664;Cianorte;;Eleitor;PR;-23.6625;-52.6047
Paulo Teston;(44) 9142-6365;Cianorte;;Eleitor;PR;-23.6625;-52.6047
SERGIO PEREIRA JUNIOR;(44) 99158-1975;Cianorte;;Eleitor;PR;-23.6625;-52.6047
Ane Cristina B.;'+55 44 99912-1311;Cidade Gaúcha;;Eleitor;PR;-23.3808;-52.9425
Ane Cristina Becker;(55) 44999-1213;Cidade Gaúcha;;Eleitor;PR;-23.3808;-52.9425
Pref Rafa Losi;'+55 41 99854-7057;Clevelândia;;Eleitor;PR;-26.4033;-52.3508
Camilo Reis;'+55 44 99881-3464;Colorado;;Eleitor;PR;-22.8372;-51.9725
Cristiano Santana;(44) 99907-7211;Colorado;;Eleitor;PR;-22.8372;-51.9725
Joao Geraldo Soares;'+55 44 99111-0665;Colorado;;Eleitor;PR;-22.8372;-51.9725
Marcos Mello;(44) 9851-4690;Colorado;;Eleitor;PR;-22.8372;-51.9725
José Olegário Ribeiro Lopes;(43) 98498-2008;Congonhinhas;;Eleitor;PR;-23.55;-50.5567
João Marcos Luciano Rodrigues;(43) 98809-8028;Congonhinhas;;Eleitor;PR;-23.55;-50.5567
Marcos Antônio Moreira;(43) 99669-3386;Congonhinhas;;Eleitor;PR;-23.55;-50.5567
Oscar Pereira de Camargo Filho;(43) 98405-4119;Congonhinhas;;Eleitor;PR;-23.55;-50.5567
Renatinho;'+55 43 99639-1400;Congonhinhas;;Eleitor;PR;-23.55;-50.5567
Adauto Aparecido Lopes Luis;(43) 99841-7976;Conselheiro Mairinck;;Eleitor;PR;-23.6247;-50.1678
Ailton Ferreira de Almeida;(43) 98826-3982;Conselheiro Mairinck;;Eleitor;PR;-23.6247;-50.1678
Alex Sandro Pereira Costa Domingues;(43) 98843-5163;Conselheiro Mairinck;;Eleitor;PR;-23.6247;-50.1678
Cleber Sandro Monteiro;(43) 98820-7443;Conselheiro Mairinck;;Eleitor;PR;-23.6247;-50.1678
Daniel vicari;43991904266;Conselheiro Mairinck;;Eleitor;PR;-23.6247;-50.1678
Edinho;(43) 98835-8080;Conselheiro Mairinck;;Eleitor;PR;-23.6247;-50.1678
Edmilson Araújo dos Santos;(43) 98816-4842;Conselheiro Mairinck;;Eleitor;PR;-23.6247;-50.1678
Expedito Junior Vale;(43) 99635-0699;Conselheiro Mairinck;;Eleitor;PR;-23.6247;-50.1678
Francisco Policarpo da Silva;(43) 99872-4725;Conselheiro Mairinck;;Eleitor;PR;-23.6247;-50.1678
Gracinha;'+55 43 98825-8227;Conselheiro Mairinck;;Eleitor;PR;-23.6247;-50.1678
José Nunes Soares Neto;(43) 98857-7150;Conselheiro Mairinck;;Eleitor;PR;-23.6247;-50.1678
João Batista de Moraes;(43) 98829-1520;Conselheiro Mairinck;;Eleitor;PR;-23.6247;-50.1678
João Carlos M. de Andrade;(43) 98829-1475;Conselheiro Mairinck;;Eleitor;PR;-23.6247;-50.1678
Maria das Graças Siqueira;(43) 99882-5827;Conselheiro Mairinck;;Eleitor;PR;-23.6247;-50.1678
Rafael Siqueira Galvão;(43) 98843-0143;Conselheiro Mairinck;;Eleitor;PR;-23.6247;-50.1678
Roberto Chinchio;(43) 99800-9548;Conselheiro Mairinck;;Eleitor;PR;-23.6247;-50.1678
Sidnei Domingos Ferreira;(43) 98832-4509;Conselheiro Mairinck;;Eleitor;PR;-23.6247;-50.1678
Alessandra Aparecida Domingos;(43) 99607-3986;Cornélio Procópio;;Eleitor;PR;-23.1811;-50.6467
Alex Joao Alves;(43) 99170-0193;Cornélio Procópio;;Eleitor;PR;-23.1811;-50.6467
Andrea Oliviere Pacheco de Carvalho;(43) 99975-3191;Cornélio Procópio;;Eleitor;PR;-23.1811;-50.6467
Carlos Henrique Romanini Trautwein;(43) 99952-2187;Cornélio Procópio;;Eleitor;PR;-23.1811;-50.6467
Ciro Daniel Marques Marcolini;(43) 99623-1632;Cornélio Procópio;;Eleitor;PR;-23.1811;-50.6467
Cristiano Leite Ribeiro;(43) 99981-3725;Cornélio Procópio;;Eleitor;PR;-23.1811;-50.6467
Evandro Bazan de Carvalho;(43) 99975-0001;Cornélio Procópio;;Eleitor;PR;-23.1811;-50.6467
Felipe Leite Ribeiro;(43) 99631-4715;Cornélio Procópio;;Eleitor;PR;-23.1811;-50.6467
Fernanda Sampaio;(43) 99655-2303;Cornélio Procópio;;Eleitor;PR;-23.1811;-50.6467
Fernando Gebara;'+55 43 99975-1716;Cornélio Procópio;;Eleitor;PR;-23.1811;-50.6467
GABRIEL Neves MONTEIRO;(43) 99844-1272;Cornélio Procópio;;Eleitor;PR;-23.1811;-50.6467
Henrique Almeida;(43) 99631-6571;Cornélio Procópio;;Eleitor;PR;-23.1811;-50.6467
José Mendes de Oliveira;43991924433;Cornélio Procópio;;Eleitor;PR;-23.1811;-50.6467
Luana Nunes Cavalcante;(43) 98807-1744;Cornélio Procópio;;Eleitor;PR;-23.1811;-50.6467
Maico Hoffmann;43-99833-3370;Cornélio Procópio;;Eleitor;PR;-23.1811;-50.6467
Makoto Miyamoto Júnior;(43) 99699-2858;Cornélio Procópio;;Eleitor;PR;-23.1811;-50.6467
Mirna de Lima Soares;(17) 99772-7979;Cornélio Procópio;;Eleitor;PR;-23.1811;-50.6467
Moyses Dias Sampaio;(43) 99113-8831;Cornélio Procópio;;Eleitor;PR;-23.1811;-50.6467
Raphael Dias Sampaio;(43) 99149-1004;Cornélio Procópio;;Eleitor;PR;-23.1811;-50.6467
Ruy Dias Sampaio;(17) 99774-6164;Cornélio Procópio;;Eleitor;PR;-23.1811;-50.6467
Saulo Mendes;(43) 99975-7520;Cornélio Procópio;;Eleitor;PR;-23.1811;-50.6467
Saulo Mendes;(43) 99620-9961;Cornélio Procópio;;Eleitor;PR;-23.1811;-50.6467
Sheila Amarante Oliveira;43991734594;Cornélio Procópio;;Eleitor;PR;-23.1811;-50.6467
Wagner Torres;43991170008;Cornélio Procópio;;Eleitor;PR;-23.1811;-50.6467
Wilson Baggio Junior;(43) 98870-4920;Cornélio Procópio;;Eleitor;PR;-23.1811;-50.6467
Wilson Costa;'+55 43 99975-0537;Cornélio Procópio;;Eleitor;PR;-23.1811;-50.6467
Leandro Aparecido espiniano;(44) 99827-6620;Cruzeiro do Sul;;Eleitor;PR;-22.9625;-52.1619
Adauto Rocha Loures;'+55 41 98878-3500;Curitiba;;Eleitor;PR;-25.4284;-49.2733
Adolfo Y. Sasaki;'+55 41 98847-8952;Curitiba;;Eleitor;PR;-25.4284;-49.2733
Adonai;'+55 41 99973-0844;Curitiba;;Eleitor;PR;-25.4284;-49.2733
Agnes Schwartz Teixeira;(47) 98811-2367;Curitiba;;Eleitor;PR;-25.4284;-49.2733
Ailson Loper;'+55 41 99934-4030;Curitiba;;Eleitor;PR;-25.4284;-49.2733
Alceu;41 99957-0001;Curitiba;;Eleitor;PR;-25.4284;-49.2733
Alexandre Blanco;'+55 41 99106-4235;Curitiba;;Eleitor;PR;-25.4284;-49.2733
Alexandre Bley;'+55 41 99122-0288;Curitiba;;Eleitor;PR;-25.4284;-49.2733
Alexandre Schlemm;'+55 41 98833-0096;Curitiba;;Eleitor;PR;-25.4284;-49.2733
Alexandre Taques Fonseca;'+55 41 99979-1279;Curitiba;;Eleitor;PR;-25.4284;-49.2733
Alexandre Teixeira;'+55 41 98874-7508;Curitiba;;Eleitor;PR;-25.4284;-49.2733
Aline Sleutjes;'+55 41 99611-3717;Curitiba;;Eleitor;PR;-25.4284;-49.2733
Alisson Severiano dos Santos;41999909118;Curitiba;;Eleitor;PR;-25.4284;-49.2733
Altino;4199606-4195;Curitiba;;Eleitor;PR;-25.4284;-49.2733
Altino Ramos Costa;(41) 99921-6375;Curitiba;;Eleitor;PR;-25.4284;-49.2733
Aluisio Schwartz Teixeira;(41) 99951-2306;Curitiba;;Eleitor;PR;-25.4284;-49.2733
Alves;'+55 41 99611-7321;Curitiba;;Eleitor;PR;-25.4284;-49.2733
Alyson Pegoraro;'+55 41 98854-7009;Curitiba;;Eleitor;PR;-25.4284;-49.2733
Alzira;'+55 41 99984-5556;Curitiba;;Eleitor;PR;-25.4284;-49.2733
Amanda Soares Ferreira Garcês;(41) 99578-1306;Curitiba;;Eleitor;PR;-25.4284;-49.2733
Amaro;'+55 41 99809-1997;Curitiba;;Eleitor;PR;-25.4284;-49.2733
Ana Augusta Lupion;'+55 41 99965-8545;Curitiba;;Eleitor;PR;-25.4284;-49.2733
Ana Brito;41996965972;Curitiba;;Eleitor;PR;-25.4284;-49.2733
Ana Carolina Malczevski;(41) 99188-0717;Curitiba;;Eleitor;PR;-25.4284;-49.2733
Ana Constantino Vizinha;41 99122-4365;Curitiba;;Eleitor;PR;-25.4284;-49.2733
Ana Filizola;'+55 41 99948-3000;Curitiba;;Eleitor;PR;-25.4284;-49.2733
Anderson;'+55 41 99986-6379;Curitiba;;Eleitor;PR;-25.4284;-49.2733
Andre Guarenghi;41988088700;Curitiba;;Eleitor;PR;-25.4284;-49.2733
André Abrão;'+55 41 99917-6696;Curitiba;;Eleitor;PR;-25.4284;-49.2733
André Jansen;'+55 41 99878-3332;Curitiba;;Eleitor;PR;-25.4284;-49.2733
André Manfredini;'+55 41 99976-3434;Curitiba;;Eleitor;PR;-25.4284;-49.2733
Angela Russi;'+55 41 99973-3677;Curitiba;;Eleitor;PR;-25.4284;-49.2733
Angela Vetorello;'+55 41 99691-9880;Curitiba;;Eleitor;PR;-25.4284;-49.2733
Angelina FAEP;'+55 41 99244-7250;Curitiba;;Eleitor;PR;-25.4284;-49.2733
Angelo Zagonel;'+55 41 98414-2800;Curitiba;;Eleitor;PR;-25.4284;-49.2733
Anibal Khoury Jr;'+55 41 99976-0249;Curitiba;;Eleitor;PR;-25.4284;-49.2733
Antonio Loyola Vieira;(41) 99974-0037;Curitiba;;Eleitor;PR;-25.4284;-49.2733
Antonio Ricardo Milgioran IDr;'+55 41 99630-1502;Curitiba;;Eleitor;PR;-25.4284;-49.2733
Ardisson Akel;'+55 41 99666-1122;Curitiba;;Eleitor;PR;-25.4284;-49.2733
Armando Deboni;'+55 41 99967-6151;Curitiba;;Eleitor;PR;-25.4284;-49.2733
Arnoldo Potencial;'+55 41 98806-8979;Curitiba;;Eleitor;PR;-25.4284;-49.2733
Arrais;'+55 41 99808-9366;Curitiba;;Eleitor;PR;-25.4284;-49.2733
Arruda;'+55 41 99972-3900;Curitiba;;Eleitor;PR;-25.4284;-49.2733
Arthur;'+55 41 99155-4008;Curitiba;;Eleitor;PR;-25.4284;-49.2733
Artur Grynbaum O Boticario;'+55 41 99972-1760;Curitiba;;Eleitor;PR;-25.4284;-49.2733
ATILANO DE OMS;(41) 99912-8905;Curitiba;;Eleitor;PR;-25.4284;-49.2733
Auro Torrinton;'+55 41 99173-5441;Curitiba;;Eleitor;PR;-25.4284;-49.2733
Bacellar Anoreg;'+55 41 99965-1212;Curitiba;;Eleitor;PR;-25.4284;-49.2733
Bacila Organact;'+55 41 99964-5607;Curitiba;;Eleitor;PR;-25.4284;-49.2733
Barros;'+55 41 99626-4493;Curitiba;;Eleitor;PR;-25.4284;-49.2733
Bekin;'+55 41 99588-2918;Curitiba;;Eleitor;PR;-25.4284;-49.2733
Benedito German Crespo Garcia;(41) 99915-2008;Curitiba;;Eleitor;PR;-25.4284;-49.2733
Bernardo Caron;'+55 41 99834-0207;Curitiba;;Eleitor;PR;-25.4284;-49.2733
Bernardo Sperandio;'+55 41 98804-7956;Curitiba;;Eleitor;PR;-25.4284;-49.2733
Beth Matschinske;'+55 41 99991-6231;Curitiba;;Eleitor;PR;-25.4284;-49.2733
Betinho Lenz Cesar;'+55 41 98803-8431;Curitiba;;Eleitor;PR;-25.4284;-49.2733
Beto Freire;'+55 41 99972-5544;Curitiba;;Eleitor;PR;-25.4284;-49.2733
Beto Lenz Cesar;'+55 41 99647-1234;Curitiba;;Eleitor;PR;-25.4284;-49.2733
Bettina Muradas;'+55 41 98814-9633;Curitiba;;Eleitor;PR;-25.4284;-49.2733
Bia Niece;'+55 41 98744-5628;Curitiba;;Eleitor;PR;-25.4284;-49.2733
Bihl Zanetti;'+55 41 99211-8015;Curitiba;;Eleitor;PR;-25.4284;-49.2733
Blanca;'+55 41 98452-0220;Curitiba;;Eleitor;PR;-25.4284;-49.2733
Borba;'+55 41 99972-2930;Curitiba;;Eleitor;PR;-25.4284;-49.2733
Bruna;'+55 41 98805-0501;Curitiba;;Eleitor;PR;-25.4284;-49.2733
Bruna Cornelsen;'+55 41 99162-1144;Curitiba;;Eleitor;PR;-25.4284;-49.2733
Bruna Fioroni;'+55 41 99105-1018;Curitiba;;Eleitor;PR;-25.4284;-49.2733
Bruno Cividini;'+55 41 98833-3331;Curitiba;;Eleitor;PR;-25.4284;-49.2733
Bruno Correia;15981726572;Curitiba;;Eleitor;PR;-25.4284;-49.2733
Bruno Leo;'+55 41 99996-5186;Curitiba;;Eleitor;PR;-25.4284;-49.2733
Bruno Milanez Adv;'+55 41 99193-6023;Curitiba;;Eleitor;PR;-25.4284;-49.2733
Caico Gulin;'+55 41 98700-7121;Curitiba;;Eleitor;PR;-25.4284;-49.2733
Cantador;'+55 41 99621-2621;Curitiba;;Eleitor;PR;-25.4284;-49.2733
Carla;'+55 41 99105-2808;Curitiba;;Eleitor;PR;-25.4284;-49.2733
Carlos Guimarães;'+55 41 99967-0275;Curitiba;;Eleitor;PR;-25.4284;-49.2733
Carlos Teixeira;'+55 41 99918-8166;Curitiba;;Eleitor;PR;-25.4284;-49.2733
Carlos Valter Fiep;'+55 41 98808-0842;Curitiba;;Eleitor;PR;-25.4284;-49.2733
Carminha A.Curi;'+55 41 99942-3141;Curitiba;;Eleitor;PR;-25.4284;-49.2733
Carolina Nobre;'+55 41 99890-7248;Curitiba;;Eleitor;PR;-25.4284;-49.2733
Carolina Salgado de Oliveira Alves;(41) 99966-9096;Curitiba;;Eleitor;PR;-25.4284;-49.2733
Caroline Pires Pereira Vianna;(41) 98855-0557;Curitiba;;Eleitor;PR;-25.4284;-49.2733
Cassio Chamecki;'+55 41 99111-8132;Curitiba;;Eleitor;PR;-25.4284;-49.2733
Cassio Taniguchi;'+55 41 98802-7115;Curitiba;;Eleitor;PR;-25.4284;-49.2733
Casson;'+55 41 99976-7685;Curitiba;;Eleitor;PR;-25.4284;-49.2733
Ceci Almeida;'+55 41 99103-3940;Curitiba;;Eleitor;PR;-25.4284;-49.2733
Cel Cidreira;'+55 41 99985-2423;Curitiba;;Eleitor;PR;-25.4284;-49.2733
Cel. Pericles;'+55 41 99559-3750;Curitiba;;Eleitor;PR;-25.4284;-49.2733
Celso;'+55 41 99997-0814;Curitiba;;Eleitor;PR;-25.4284;-49.2733
Celso;'+55 41 99890-7070;Curitiba;;Eleitor;PR;-25.4284;-49.2733
Celso L;'+55 41 99971-5731;Curitiba;;Eleitor;PR;-25.4284;-49.2733
Cerimonial Ratinho Junior;'+55 41 99129-0791;Curitiba;;Eleitor;PR;-25.4284;-49.2733
Cesar Melo;'+55 41 98406-7597;Curitiba;;Eleitor;PR;-25.4284;-49.2733
Charles London;'+55 41 99112-0018;Curitiba;;Eleitor;PR;-25.4284;-49.2733
Chico Simeão;'+55 41 99923-8000;Curitiba;;Eleitor;PR;-25.4284;-49.2733
Claudemar de mello carvalho;(41) 99547-6369;Curitiba;;Eleitor;PR;-25.4284;-49.2733
Claudemir Ourogran;41 99979-0455;Curitiba;;Eleitor;PR;-25.4284;-49.2733
Claudemir Reboucas Rebouças;'+55 41 9282-4104;Curitiba;;Eleitor;PR;-25.4284;-49.2733
Claudemir vulczak;(45) 99113-1363;Curitiba;;Eleitor;PR;-25.4284;-49.2733
Claudia Terezinha Watek Corrreia;41998547383;Curitiba;;Eleitor;PR;-25.4284;-49.2733
Cleber TIM Telecom;'+55 41 99913-0102;Curitiba;;Eleitor;PR;-25.4284;-49.2733
Cleuza;'+55 41 98426-1226;Curitiba;;Eleitor;PR;-25.4284;-49.2733
Cleverson Freitas Del. Mapa;'+55 41 99144-7020;Curitiba;;Eleitor;PR;-25.4284;-49.2733
Clinica Dr Rodrigo Romanini;'+55 41 99196-2002;Curitiba;;Eleitor;PR;-25.4284;-49.2733
Clóvis Arns da Cunha;'+55 41 99828-8444;Curitiba;;Eleitor;PR;-25.4284;-49.2733
Constantini;'+55 41 99112-4344;Curitiba;;Eleitor;PR;-25.4284;-49.2733
Consuelo;'+55 41 98839-7400;Curitiba;;Eleitor;PR;-25.4284;-49.2733
Consuelo Rodrigues da Costa;(41) 99904-8600;Curitiba;;Eleitor;PR;-25.4284;-49.2733
Consul Thomas A. A Neves;'+55 41 99912-8801;Curitiba;;Eleitor;PR;-25.4284;-49.2733
Correa Barbeiro;'+55 41 99887-0806;Curitiba;;Eleitor;PR;-25.4284;-49.2733
Cristiane Vulczak;'+55 41 99621-7730;Curitiba;;Eleitor;PR;-25.4284;-49.2733
Cristiano;'+55 41 99194-0020;Curitiba;;Eleitor;PR;-25.4284;-49.2733
Cruz;'+55 41 99655-6184;Curitiba;;Eleitor;PR;-25.4284;-49.2733
Dago;'+55 41 99133-3939;Curitiba;;Eleitor;PR;-25.4284;-49.2733
Dalton Luiz Dallazem;(41) 98813-9081;Curitiba;;Eleitor;PR;-25.4284;-49.2733
Daniel Cordeiro;'+55 41 98412-7015;Curitiba;;Eleitor;PR;-25.4284;-49.2733
Daniel Nascimento;'+55 41 99216-8001;Curitiba;;Eleitor;PR;-25.4284;-49.2733
Daniel Silva;'+55 41 99224-8295;Curitiba;;Eleitor;PR;-25.4284;-49.2733
Daniela Deboni;'+55 41 99961-2461;Curitiba;;Eleitor;PR;-25.4284;-49.2733
Danielle Piazza;'+55 41 98866-8270;Curitiba;;Eleitor;PR;-25.4284;-49.2733
Daniely Andressa da Silva;'+55 41 99682-6401;Curitiba;;Eleitor;PR;-25.4284;-49.2733
David Baggio;'+55 41 98804-8201;Curitiba;;Eleitor;PR;-25.4284;-49.2733
David Baggio Batista;'+55 41 98884-6543;Curitiba;;Eleitor;PR;-25.4284;-49.2733
De Paula Renault;'+55 41 99976-0096;Curitiba;;Eleitor;PR;-25.4284;-49.2733
Debora Grimm;'+55 41 99114-1293;Curitiba;;Eleitor;PR;-25.4284;-49.2733
Dede Serra;'+55 41 99667-9602;Curitiba;;Eleitor;PR;-25.4284;-49.2733
Del. Marcos Fontes;'+55 41 8438-5130;Curitiba;;Eleitor;PR;-25.4284;-49.2733
Demòstenes Albernaz;'+55 41 99911-7111;Curitiba;;Eleitor;PR;-25.4284;-49.2733
Des Gebran;'+55 41 99957-9611;Curitiba;;Eleitor;PR;-25.4284;-49.2733
Diego;'+55 41 99165-2010;Curitiba;;Eleitor;PR;-25.4284;-49.2733
Diego Caldas;'+55 41 99891-9925;Curitiba;;Eleitor;PR;-25.4284;-49.2733
Diniz;'+55 41 99833-0395;Curitiba;;Eleitor;PR;-25.4284;-49.2733
Dinora Botto Portugal;'+55 41 99654-1414;Curitiba;;Eleitor;PR;-25.4284;-49.2733
Dirceu Andersen;'+55 41 99971-8100;Curitiba;;Eleitor;PR;-25.4284;-49.2733
Domenico Italo Barone;'+41 79 155 27 25;Curitiba;;Eleitor;PR;-25.4284;-49.2733
Dr. Allaim Giovani Fortes Stefanello;'+55 41 99183-8001;Curitiba;;Eleitor;PR;-25.4284;-49.2733
Dudu Hammer;'+55 41 98807-8930;Curitiba;;Eleitor;PR;-25.4284;-49.2733
Dudu Saboia;'+55 41 99717-9999;Curitiba;;Eleitor;PR;-25.4284;-49.2733
Durval Amaral;'+55 41 98846-6607;Curitiba;;Eleitor;PR;-25.4284;-49.2733
Dylliardi Alessi;'+55 41 99611-6980;Curitiba;;Eleitor;PR;-25.4284;-49.2733
Eder Berti;'+55 41 98405-5283;Curitiba;;Eleitor;PR;-25.4284;-49.2733
Edna Carboni;'+55 41 99995-5895;Curitiba;;Eleitor;PR;-25.4284;-49.2733
Edoardo de Pauli;'+55 41 98848-3274;Curitiba;;Eleitor;PR;-25.4284;-49.2733
Edson Costa;'+55 41 98820-1917;Curitiba;;Eleitor;PR;-25.4284;-49.2733
Edson Wasen;'+55 41 99117-6247;Curitiba;;Eleitor;PR;-25.4284;-49.2733
Eduardo Krukoski;'+55 41 99105-1950;Curitiba;;Eleitor;PR;-25.4284;-49.2733
Eduardo Machado;45984016392;Curitiba;;Eleitor;PR;-25.4284;-49.2733
Eduardo Mufatto;'+55 41 99215-5900;Curitiba;;Eleitor;PR;-25.4284;-49.2733
Eduardo Pmpr;'+55 41 99671-0639;Curitiba;;Eleitor;PR;-25.4284;-49.2733
Eduardo Sciarra;'+55 41 99154-7155;Curitiba;;Eleitor;PR;-25.4284;-49.2733
Eduardo Wendler;'+55 41 99181-3031;Curitiba;;Eleitor;PR;-25.4284;-49.2733
Elena;'+55 41 99669-6905;Curitiba;;Eleitor;PR;-25.4284;-49.2733
Elias;'+55 41 99944-0316;Curitiba;;Eleitor;PR;-25.4284;-49.2733
Elinho Pimentel;'+55 41 99839-8181;Curitiba;;Eleitor;PR;-25.4284;-49.2733
Elio;'+55 41 98490-2686;Curitiba;;Eleitor;PR;-25.4284;-49.2733
Elizabeth Rechetelo;(41) 99820-3934;Curitiba;;Eleitor;PR;-25.4284;-49.2733
Emerson Rimatur;'+55 41 99973-1007;Curitiba;;Eleitor;PR;-25.4284;-49.2733
Emilio Cornelsen;'+55 41 99974-4496;Curitiba;;Eleitor;PR;-25.4284;-49.2733
Enrico Milani;'+55 41 99973-7755;Curitiba;;Eleitor;PR;-25.4284;-49.2733
Eric Oliveira;'+55 41 9994-3868;Curitiba;;Eleitor;PR;-25.4284;-49.2733
Erich;'+55 41 98409-4988;Curitiba;;Eleitor;PR;-25.4284;-49.2733
Ernesto Pontoni;'+55 41 99996-9966;Curitiba;;Eleitor;PR;-25.4284;-49.2733
Escola Umbrella;'+55 41 99527-0118;Curitiba;;Eleitor;PR;-25.4284;-49.2733
Ety Carneiro;'+55 41 99995-6924;Curitiba;;Eleitor;PR;-25.4284;-49.2733
Eurico;'+55 41 98483-8607;Curitiba;;Eleitor;PR;-25.4284;-49.2733
Euripides Ferreira;'+55 41 98853-3352;Curitiba;;Eleitor;PR;-25.4284;-49.2733
Evandro Lazarotto;'+55 41 98811-5040;Curitiba;;Eleitor;PR;-25.4284;-49.2733
Evangeline;'+55 41 99822-5000;Curitiba;;Eleitor;PR;-25.4284;-49.2733
Everton;'+55 41 99163-5069;Curitiba;;Eleitor;PR;-25.4284;-49.2733
Ezequias Rodrigues;'+55 41 99981-0408;Curitiba;;Eleitor;PR;-25.4284;-49.2733
Fabiana Campos;'+55 41 99916-3244;Curitiba;;Eleitor;PR;-25.4284;-49.2733
Fabio Oliveira;'+55 41 98893-2535;Curitiba;;Eleitor;PR;-25.4284;-49.2733
Fabricio Fumagalli;'+55 41 98805-0506;Curitiba;;Eleitor;PR;-25.4284;-49.2733
Fabricio Macedo;'+55 41 98833-0004;Curitiba;;Eleitor;PR;-25.4284;-49.2733
Farias;'+55 41 99635-1501;Curitiba;;Eleitor;PR;-25.4284;-49.2733
Felipe Braga Cortes;'+55 41 99121-0020;Curitiba;;Eleitor;PR;-25.4284;-49.2733
Felipe Costacurta;'+55 41 98871-5526;Curitiba;;Eleitor;PR;-25.4284;-49.2733
Felipe Skraba;'+55 41 98869-7578;Curitiba;;Eleitor;PR;-25.4284;-49.2733
Felix Bordin;'+55 41 98407-9909;Curitiba;;Eleitor;PR;-25.4284;-49.2733
Fernanda Borio;'+55 41 98848-0974;Curitiba;;Eleitor;PR;-25.4284;-49.2733
Fernanda Prestes;'+55 41 99977-3550;Curitiba;;Eleitor;PR;-25.4284;-49.2733
Fernando Barbeiro Mueller;'+55 41 99121-9535;Curitiba;;Eleitor;PR;-25.4284;-49.2733
Fernando Beneton Thiele;(41) 99181-5550;Curitiba;;Eleitor;PR;-25.4284;-49.2733
Fernando Continental;'+55 41 99244-4188;Curitiba;;Eleitor;PR;-25.4284;-49.2733
Fernando Dewes;'+55 41 98795-0417;Curitiba;;Eleitor;PR;-25.4284;-49.2733
Fernando Ghignone;'+55 41 99941-7777;Curitiba;;Eleitor;PR;-25.4284;-49.2733
Fernando Prates;'+55 41 98403-4374;Curitiba;;Eleitor;PR;-25.4284;-49.2733
Fernando Tupan;'+55 41 98408-2446;Curitiba;;Eleitor;PR;-25.4284;-49.2733
Fernando Zanicotti;'+55 41 99944-0234;Curitiba;;Eleitor;PR;-25.4284;-49.2733
Fernão Acioly;'+55 41 99658-0236;Curitiba;;Eleitor;PR;-25.4284;-49.2733
Figueiredo Bastos;'+55 41 99968-9070;Curitiba;;Eleitor;PR;-25.4284;-49.2733
FIO DO HOME;4366666666;Curitiba;;Eleitor;PR;-25.4284;-49.2733
Flavia Deboni;'+55 41 99997-1787;Curitiba;;Eleitor;PR;-25.4284;-49.2733
Flaviano Hnsg;'+55 41 99134-0470;Curitiba;;Eleitor;PR;-25.4284;-49.2733
Flavio Schiavon;'+55 41 99972-1208;Curitiba;;Eleitor;PR;-25.4284;-49.2733
Flávio Pansieri;'+55 41 99991-2995;Curitiba;;Eleitor;PR;-25.4284;-49.2733
Flávio Slivinski;41 99603-0680;Curitiba;;Eleitor;PR;-25.4284;-49.2733
Folador;'+55 41 99115-1976;Curitiba;;Eleitor;PR;-25.4284;-49.2733
Francisco Fontana;'+55 41 99918-7312;Curitiba;;Eleitor;PR;-25.4284;-49.2733
Francisco Inocencio;'+55 41 99943-9899;Curitiba;;Eleitor;PR;-25.4284;-49.2733
Frederico Wicthoft Cantergiani;(41) 99814-3444;Curitiba;;Eleitor;PR;-25.4284;-49.2733
Fábio Campana;'+55 41 98838-2699;Curitiba;;Eleitor;PR;-25.4284;-49.2733
Gabriel Placha;'+55 41 99146-5156;Curitiba;;Eleitor;PR;-25.4284;-49.2733
Gabriel Raad;'+55 41 99267-8234;Curitiba;;Eleitor;PR;-25.4284;-49.2733
Gabriel Zattar;'+55 41 99111-9900;Curitiba;;Eleitor;PR;-25.4284;-49.2733
Gabrielle Pollo;'+55 41 99996-8318;Curitiba;;Eleitor;PR;-25.4284;-49.2733
Galindo;'+55 41 98812-3682;Curitiba;;Eleitor;PR;-25.4284;-49.2733
Geraldo Biesek Funeas;'+55 41 99227-1964;Curitiba;;Eleitor;PR;-25.4284;-49.2733
Geraldo Mendes;'+55 41 99782-0018;Curitiba;;Eleitor;PR;-25.4284;-49.2733
Germano Ferraz Paciornik;'+55 41 98864-3211;Curitiba;;Eleitor;PR;-25.4284;-49.2733
Gerson;'+55 41 98727-5665;Curitiba;;Eleitor;PR;-25.4284;-49.2733
Gerson Lara;(41) 99602-7623;Curitiba;;Eleitor;PR;-25.4284;-49.2733
Gilberto;'+55 41 99827-1200;Curitiba;;Eleitor;PR;-25.4284;-49.2733
Gilberto Bedin;(41) 99638-1123;Curitiba;;Eleitor;PR;-25.4284;-49.2733
Gilberto Xisto;'+55 41 98809-6965;Curitiba;;Eleitor;PR;-25.4284;-49.2733
Giovani Brito;'+55 41 99565-1151;Curitiba;;Eleitor;PR;-25.4284;-49.2733
Giovani Ferreira;'+55 41 99944-9172;Curitiba;;Eleitor;PR;-25.4284;-49.2733
Giovani Gionedis;'+55 41 99185-5553;Curitiba;;Eleitor;PR;-25.4284;-49.2733
Giovani Girotto;'+55 41 98863-4680;Curitiba;;Eleitor;PR;-25.4284;-49.2733
Giovani Lorusso;'+55 41 99255-9110;Curitiba;;Eleitor;PR;-25.4284;-49.2733
Giovani Trombini;'+55 41 98831-8400;Curitiba;;Eleitor;PR;-25.4284;-49.2733
Giovanna Curi;'+55 41 99680-3940;Curitiba;;Eleitor;PR;-25.4284;-49.2733
Gisele Lima;'+55 41 99985-3848;Curitiba;;Eleitor;PR;-25.4284;-49.2733
Giuseppe uchoa Ribeiro Lobo;(61) 98108-9841;Curitiba;;Eleitor;PR;-25.4284;-49.2733
Gizzi;'+55 41 99977-1715;Curitiba;;Eleitor;PR;-25.4284;-49.2733
Goi Mello;'+55 41 99976-1616;Curitiba;;Eleitor;PR;-25.4284;-49.2733
Gregorio Szpak;'+55 41 99177-2755;Curitiba;;Eleitor;PR;-25.4284;-49.2733
Grein Cooperante;'+55 41 98843-5529;Curitiba;;Eleitor;PR;-25.4284;-49.2733
Guilherme Almeida;'+55 41 99928-5000;Curitiba;;Eleitor;PR;-25.4284;-49.2733
Guilherme Avila;'+55 41 99678-9381;Curitiba;;Eleitor;PR;-25.4284;-49.2733
Guilherme Doring;'+55 41 99111-1163;Curitiba;;Eleitor;PR;-25.4284;-49.2733
Guilherme ferreira;'+55 41 99198-0812;Curitiba;;Eleitor;PR;-25.4284;-49.2733
Guilherme Gulin;'+55 41 9964-0777;Curitiba;;Eleitor;PR;-25.4284;-49.2733
Guilherme Prado;41 99502-2121;Curitiba;;Eleitor;PR;-25.4284;-49.2733
Guilherme Vieira Pinto;'+55 41 99957-3391;Curitiba;;Eleitor;PR;-25.4284;-49.2733
Guilherme Vizinho;'+55 41 99972-0037;Curitiba;;Eleitor;PR;-25.4284;-49.2733
Guilhermo Arauz;'+55 41 99116-0605;Curitiba;;Eleitor;PR;-25.4284;-49.2733
Gustavo Athayde;'+55 41 98418-0030;Curitiba;;Eleitor;PR;-25.4284;-49.2733
Gustavo Erzinger;'+55 41 99996-9399;Curitiba;;Eleitor;PR;-25.4284;-49.2733
Gustavo Ferroni Ferreira;(41) 99198-0500;Curitiba;;Eleitor;PR;-25.4284;-49.2733
Gustavo Guedes;'+55 41 99982-9613;Curitiba;;Eleitor;PR;-25.4284;-49.2733
Gustavo Hauer;'+55 41 99974-8821;Curitiba;;Eleitor;PR;-25.4284;-49.2733
Gustavo Mauricio De Menezes;(41) 99595-8283;Curitiba;;Eleitor;PR;-25.4284;-49.2733
Gustavo Stier;'+55 41 98811-1102;Curitiba;;Eleitor;PR;-25.4284;-49.2733
Gustavo Tacla;'+55 41 99974-7004;Curitiba;;Eleitor;PR;-25.4284;-49.2733
Gusto Juninho - Magro;'+55 41 99239-2838;Curitiba;;Eleitor;PR;-25.4284;-49.2733
Guto Silva;'+55 41 99212-0222;Curitiba;;Eleitor;PR;-25.4284;-49.2733
Haisa Arielle Silva Naime;(41) 99922-5054;Curitiba;;Eleitor;PR;-25.4284;-49.2733
Hamilton Moreira;'+55 41 99973-1103;Curitiba;;Eleitor;PR;-25.4284;-49.2733
Harley;'+55 41 98490-9989;Curitiba;;Eleitor;PR;-25.4284;-49.2733
Harry Françoia;'+55 41 99117-7110;Curitiba;;Eleitor;PR;-25.4284;-49.2733
Henrique Almeida Filho;'+55 41 99113-4200;Curitiba;;Eleitor;PR;-25.4284;-49.2733
Henrique Guararapes;'+55 41 99203-9278;Curitiba;;Eleitor;PR;-25.4284;-49.2733
Henrique Rezende;'+55 41 99979-8777;Curitiba;;Eleitor;PR;-25.4284;-49.2733
Hermas Brandão;'+55 41 99131-1610;Curitiba;;Eleitor;PR;-25.4284;-49.2733
Humberto Biezus;'+55 41 99681-9166;Curitiba;;Eleitor;PR;-25.4284;-49.2733
Hélio Tonelli;'+55 41 99106-0693;Curitiba;;Eleitor;PR;-25.4284;-49.2733
Ian Sesa;'+55 41 99911-6445;Curitiba;;Eleitor;PR;-25.4284;-49.2733
Inacio Afonso Kroetz;(41) 99997-9696;Curitiba;;Eleitor;PR;-25.4284;-49.2733
Ione Baba;'+55 41 99823-7145;Curitiba;;Eleitor;PR;-25.4284;-49.2733
Iranil Jr;'+55 41 99184-2009;Curitiba;;Eleitor;PR;-25.4284;-49.2733
Isabela Deboni;'+55 41 99971-0639;Curitiba;;Eleitor;PR;-25.4284;-49.2733
Israel Fernandes da Silva;(41) 99994-2019;Curitiba;;Eleitor;PR;-25.4284;-49.2733
Ivan Bonilha;'+55 41 99968-1979;Curitiba;;Eleitor;PR;-25.4284;-49.2733
Ivana Cornelsen;'+55 41 99995-4787;Curitiba;;Eleitor;PR;-25.4284;-49.2733
Ivna Caroline Dias;(43) 99135-7007;Curitiba;;Eleitor;PR;-25.4284;-49.2733
Ivo Leão;'+55 41 99984-8440;Curitiba;;Eleitor;PR;-25.4284;-49.2733
Ivo Roveda Neto;'+55 41 98411-7167;Curitiba;;Eleitor;PR;-25.4284;-49.2733
Jansen;'+55 41 98489-9160;Curitiba;;Eleitor;PR;-25.4284;-49.2733
Jasson Goulart;(41) 99115-9100;Curitiba;;Eleitor;PR;-25.4284;-49.2733
Jean Tomasi;'+55 41 99143-7659;Curitiba;;Eleitor;PR;-25.4284;-49.2733
Jeferson Pmpr;'+55 41 98490-6279;Curitiba;;Eleitor;PR;-25.4284;-49.2733
Jessi Krieger;'+55 41 99957-4010;Curitiba;;Eleitor;PR;-25.4284;-49.2733
Joacita Kopitowski;'+55 41 99148-7809;Curitiba;;Eleitor;PR;-25.4284;-49.2733
Joanir Zonta;'+55 41 99972-1115;Curitiba;;Eleitor;PR;-25.4284;-49.2733
Joao Alfredo Costa;'+55 41 99976-1700;Curitiba;;Eleitor;PR;-25.4284;-49.2733
Joel Maluceli;'+55 41 99972-1324;Curitiba;;Eleitor;PR;-25.4284;-49.2733
Jonatas André Nichele;(41) 98808-0500;Curitiba;;Eleitor;PR;-25.4284;-49.2733
Jonathan Passos;(41) 99910-3079;Curitiba;;Eleitor;PR;-25.4284;-49.2733
Jorge Galã;'+55 41 99972-2029;Curitiba;;Eleitor;PR;-25.4284;-49.2733
Jose Laurindo;'+55 41 99972-1012;Curitiba;;Eleitor;PR;-25.4284;-49.2733
Joselito;'+55 41 99519-3333;Curitiba;;Eleitor;PR;-25.4284;-49.2733
Josiane Lupion;'+55 41 99975-4338;Curitiba;;Eleitor;PR;-25.4284;-49.2733
José Alvaro Carneiro;'+55 41 99918-3729;Curitiba;;Eleitor;PR;-25.4284;-49.2733
José Cid Campêlo Filho;'+55 41 99962-0872;Curitiba;;Eleitor;PR;-25.4284;-49.2733
José Moletta;'+55 41 99983-6065;Curitiba;;Eleitor;PR;-25.4284;-49.2733
José Muggiati;'+55 41 98742-5402;Curitiba;;Eleitor;PR;-25.4284;-49.2733
Jovem Pan Curitiba Marc Sousa;'+55 41 99916-5939;Curitiba;;Eleitor;PR;-25.4284;-49.2733
João Biral Junior;'+55 41 99245-8090;Curitiba;;Eleitor;PR;-25.4284;-49.2733
João Carlos Gomes;'+55 41 99131-8381;Curitiba;;Eleitor;PR;-25.4284;-49.2733
João Carlos Perussolo;(41) 99974-5301;Curitiba;;Eleitor;PR;-25.4284;-49.2733
João Debiasi;'+55 41 98433-5500;Curitiba;;Eleitor;PR;-25.4284;-49.2733
João Otavio Lemes;'+55 41 99871-4541;Curitiba;;Eleitor;PR;-25.4284;-49.2733
João Pedro Dallazem;(41) 98823-3967;Curitiba;;Eleitor;PR;-25.4284;-49.2733
João Pedro Lupion;(41) 99911-9897;Curitiba;;Eleitor;PR;-25.4284;-49.2733
João Sarolli;'+55 41 99920-5484;Curitiba;;Eleitor;PR;-25.4284;-49.2733
João Teodoro;'+55 41 99977-3366;Curitiba;;Eleitor;PR;-25.4284;-49.2733
Ju Furtado J8;'+55 41 99975-3834;Curitiba;;Eleitor;PR;-25.4284;-49.2733
Juarez;'+55 41 99930-7005;Curitiba;;Eleitor;PR;-25.4284;-49.2733
Juliana Cruz Lima;(41) 99846-0761;Curitiba;;Eleitor;PR;-25.4284;-49.2733
Junior Torres;'+55 41 99645-7425;Curitiba;;Eleitor;PR;-25.4284;-49.2733
Jônatas Gazeta;'+55 41 99907-7050;Curitiba;;Eleitor;PR;-25.4284;-49.2733
Júlio Pucci;(41) 99203-7275;Curitiba;;Eleitor;PR;-25.4284;-49.2733
Karlos Kohlbach;'+55 41 99185-9200;Curitiba;;Eleitor;PR;-25.4284;-49.2733
Katia Chagas;'+55 41 99957-3600;Curitiba;;Eleitor;PR;-25.4284;-49.2733
Katyani Ogura;'+55 41 99933-5616;Curitiba;;Eleitor;PR;-25.4284;-49.2733
Kellen;'+55 41 99911-7954;Curitiba;;Eleitor;PR;-25.4284;-49.2733
Keppen;'+55 41 99949-6522;Curitiba;;Eleitor;PR;-25.4284;-49.2733
Kerwin Kuhlemann;(41) 99286-1583;Curitiba;;Eleitor;PR;-25.4284;-49.2733
Kika Alep;'+55 41 99979-1593;Curitiba;;Eleitor;PR;-25.4284;-49.2733
Klauss;'+55 41 99997-9988;Curitiba;;Eleitor;PR;-25.4284;-49.2733
Kleber Tozzi;'+55 41 99196-2040;Curitiba;;Eleitor;PR;-25.4284;-49.2733
Kátia Bruning;(41) 99824-0169;Curitiba;;Eleitor;PR;-25.4284;-49.2733
Lauro Arthur Guimarães de Sá Ribeiro;(41) 99203-8284;Curitiba;;Eleitor;PR;-25.4284;-49.2733
Lauro Linhares;'+55 41 99972-7557;Curitiba;;Eleitor;PR;-25.4284;-49.2733
Leal;'+55 41 99223-0066;Curitiba;;Eleitor;PR;-25.4284;-49.2733
Leila Miranda;'+55 41 99996-2733;Curitiba;;Eleitor;PR;-25.4284;-49.2733
Lelia Lenz Cesar;'+55 41 99972-8211;Curitiba;;Eleitor;PR;-25.4284;-49.2733
Leon Grupemacher;'+55 41 99256-2783;Curitiba;;Eleitor;PR;-25.4284;-49.2733
Leonardo Barion;'+55 41 98838-9198;Curitiba;;Eleitor;PR;-25.4284;-49.2733
Leonardo Krause;'+55 41 99968-7071;Curitiba;;Eleitor;PR;-25.4284;-49.2733
Leonardo Petreli;'+55 41 99969-5847;Curitiba;;Eleitor;PR;-25.4284;-49.2733
Leticia;'+55 41 98714-9101;Curitiba;;Eleitor;PR;-25.4284;-49.2733
Leticia Benvenutti;'+55 41 99949-9950;Curitiba;;Eleitor;PR;-25.4284;-49.2733
Lidia Maejima;'+55 41 99747-5399;Curitiba;;Eleitor;PR;-25.4284;-49.2733
Lourenço Fregonese;'+55 41 99201-8651;Curitiba;;Eleitor;PR;-25.4284;-49.2733
Luca Deboni;'+55 41 99997-8606;Curitiba;;Eleitor;PR;-25.4284;-49.2733
Lucas Cavalca;'+55 41 99922-0880;Curitiba;;Eleitor;PR;-25.4284;-49.2733
Lucas Dorini;'+55 41 99172-0494;Curitiba;;Eleitor;PR;-25.4284;-49.2733
Luciana;'+55 41 99994-6460;Curitiba;;Eleitor;PR;-25.4284;-49.2733
Luciano Borges PGE;'+55 41 99570-1717;Curitiba;;Eleitor;PR;-25.4284;-49.2733
Luciano Moura;'+55 41 99967-1514;Curitiba;;Eleitor;PR;-25.4284;-49.2733
Luciano Pizzatto Odebrecht;'+55 41 99924-0300;Curitiba;;Eleitor;PR;-25.4284;-49.2733
Luciano Soares Pereira;(41) 99975-8106;Curitiba;;Eleitor;PR;-25.4284;-49.2733
Luciene Marques;41 99709-0610;Curitiba;;Eleitor;PR;-25.4284;-49.2733
Lucilia Felicidade Dias;'+55 41 99996-0126;Curitiba;;Eleitor;PR;-25.4284;-49.2733
Lucio;'+55 41 99674-5049;Curitiba;;Eleitor;PR;-25.4284;-49.2733
Luis Ernesto;'+55 41 99183-3031;Curitiba;;Eleitor;PR;-25.4284;-49.2733
Luis Fernando Jamur;'+55 41 99967-2940;Curitiba;;Eleitor;PR;-25.4284;-49.2733
Luis Guilherme Filho Dr Vicente;'+55 41 98811-6600;Curitiba;;Eleitor;PR;-25.4284;-49.2733
Luis Mussi;'+55 41 99972-0059;Curitiba;;Eleitor;PR;-25.4284;-49.2733
Luis Personal;'+55 41 99206-1886;Curitiba;;Eleitor;PR;-25.4284;-49.2733
Luisa Bertoldi;'+55 41 99181-1224;Curitiba;;Eleitor;PR;-25.4284;-49.2733
Luiz Alberto Vizinho;'+55 41 99163-7605;Curitiba;;Eleitor;PR;-25.4284;-49.2733
Luiz Augusto Souza Netto Bacoccini;(41) 99973-4080;Curitiba;;Eleitor;PR;-25.4284;-49.2733
Luiz Carlos Setim;'+55 41 99914-2525;Curitiba;;Eleitor;PR;-25.4284;-49.2733
Luiz Castegnaro;'+55 41 98416-1251;Curitiba;;Eleitor;PR;-25.4284;-49.2733
Luiz Claudio;'+55 41 99683-0653;Curitiba;;Eleitor;PR;-25.4284;-49.2733
Luiz Creci;'+55 41 99243-0463;Curitiba;;Eleitor;PR;-25.4284;-49.2733
Luiz Eduardo Ballen da Silva;(41) 99132-5152;Curitiba;;Eleitor;PR;-25.4284;-49.2733
Luiz Fabrício Betin Carneiro;'+55 41 99147-2789;Curitiba;;Eleitor;PR;-25.4284;-49.2733
Luiz Fernando Vianna;'+55 41 99974-4537;Curitiba;;Eleitor;PR;-25.4284;-49.2733
Luiz Roberto Borges;'+55 41 99115-6314;Curitiba;;Eleitor;PR;-25.4284;-49.2733
Luzia Adv;'+55 41 99561-6994;Curitiba;;Eleitor;PR;-25.4284;-49.2733
Lívia Deboni;'+55 41 99971-0967;Curitiba;;Eleitor;PR;-25.4284;-49.2733
Maj. Andrea;'+55 41 98435-3434;Curitiba;;Eleitor;PR;-25.4284;-49.2733
Malu Gomes;'+55 41 99977-0789;Curitiba;;Eleitor;PR;-25.4284;-49.2733
Manfred Desembrok;41 98837-6867;Curitiba;;Eleitor;PR;-25.4284;-49.2733
Manuela Barrozo;'+55 41 99105-3583;Curitiba;;Eleitor;PR;-25.4284;-49.2733
Mara Neuro;41 99241-0219;Curitiba;;Eleitor;PR;-25.4284;-49.2733
Marcelo;'+55 41 98849-2972;Curitiba;;Eleitor;PR;-25.4284;-49.2733
Marcelo Cattani;'+55 41 99961-0328;Curitiba;;Eleitor;PR;-25.4284;-49.2733
Marcelo Resende;'+55 41 99638-7200;Curitiba;;Eleitor;PR;-25.4284;-49.2733
Marcelo Vosnika;'+55 41 99977-0081;Curitiba;;Eleitor;PR;-25.4284;-49.2733
Marcia Alboneti;'+55 41 99506-9786;Curitiba;;Eleitor;PR;-25.4284;-49.2733
Marcia Huçulak;'+55 41 99207-0122;Curitiba;;Eleitor;PR;-25.4284;-49.2733
Marcia Mariano;'+55 41 99903-9584;Curitiba;;Eleitor;PR;-25.4284;-49.2733
Marcio Paulik;'+5541 99871-2000;Curitiba;;Eleitor;PR;-25.4284;-49.2733
Marcio Purê;(41) 99968-0467;Curitiba;;Eleitor;PR;-25.4284;-49.2733
Marco Antonio de Pauli;(41) 99698-8023;Curitiba;;Eleitor;PR;-25.4284;-49.2733
Marco Caron;'+55 41 98776-8150;Curitiba;;Eleitor;PR;-25.4284;-49.2733
Marco Figueiredo;'+55 41 99171-4545;Curitiba;;Eleitor;PR;-25.4284;-49.2733
Marco Sanfelice;'+55 41 99535-3744;Curitiba;;Eleitor;PR;-25.4284;-49.2733
Marcos Domakoski;'+55 41 99979-9050;Curitiba;;Eleitor;PR;-25.4284;-49.2733
Marcos Massagem;'+55 41 99641-2776;Curitiba;;Eleitor;PR;-25.4284;-49.2733
Marcos Mocellin;'+55 41 99965-5216;Curitiba;;Eleitor;PR;-25.4284;-49.2733
Marcos Moreira Pedagio EPR;'+55 41 99174-8864;Curitiba;;Eleitor;PR;-25.4284;-49.2733
Marcos Spitzner;'+55 41 99205-9560;Curitiba;;Eleitor;PR;-25.4284;-49.2733
Maria Amelia (curi);'+55 41 99201-4002;Curitiba;;Eleitor;PR;-25.4284;-49.2733
Maria Ezi;'+55 41 99922-8290;Curitiba;;Eleitor;PR;-25.4284;-49.2733
Maria Tereza Uile;'+55 41 99971-5029;Curitiba;;Eleitor;PR;-25.4284;-49.2733
Mariana Thiele;'+55 41 99253-1710;Curitiba;;Eleitor;PR;-25.4284;-49.2733
Marilu;'+55 41 99924-4481;Curitiba;;Eleitor;PR;-25.4284;-49.2733
Marilza;'+55 41 99234-1540;Curitiba;;Eleitor;PR;-25.4284;-49.2733
Mario Berti;'+55 41 99973-6478;Curitiba;;Eleitor;PR;-25.4284;-49.2733
Mario Celso Petraglia;'+55 41 99911-8118;Curitiba;;Eleitor;PR;-25.4284;-49.2733
Mario Celso Petraglia Filho;'+55 41 99912-8200;Curitiba;;Eleitor;PR;-25.4284;-49.2733
Mario Edson Fischer;'+55 41 99198-9898;Curitiba;;Eleitor;PR;-25.4284;-49.2733
Marisa;'+55 41 99188-0802;Curitiba;;Eleitor;PR;-25.4284;-49.2733
Maritza;'+55 41 99971-1960;Curitiba;;Eleitor;PR;-25.4284;-49.2733
Marla Delvaso;41988087000;Curitiba;;Eleitor;PR;-25.4284;-49.2733
Marlene Thiago Amaral;'+55 41 98884-2421;Curitiba;;Eleitor;PR;-25.4284;-49.2733
Marlon Bastos Byd;'+55 41 98795-8852;Curitiba;;Eleitor;PR;-25.4284;-49.2733
Marlus Doria;'+55 41 98893-2680;Curitiba;;Eleitor;PR;-25.4284;-49.2733
Mateus Bozinha;'+55 41 99618-5402;Curitiba;;Eleitor;PR;-25.4284;-49.2733
Matheus Diongo;41999988082;Curitiba;;Eleitor;PR;-25.4284;-49.2733
Mauricio;'+55 41 99972-0909;Curitiba;;Eleitor;PR;-25.4284;-49.2733
Mauricio Palmeira;'+55 41 99616-9852;Curitiba;;Eleitor;PR;-25.4284;-49.2733
Mauricio Requiao;'+55 41 99197-1515;Curitiba;;Eleitor;PR;-25.4284;-49.2733
Mauro Holzmann;(41) 99979-0093;Curitiba;;Eleitor;PR;-25.4284;-49.2733
Maurício;'+55 41 99972-0681;Curitiba;;Eleitor;PR;-25.4284;-49.2733
Meiri;'+55 41 99223-0128;Curitiba;;Eleitor;PR;-25.4284;-49.2733
Melissa Trento;'+55 41 99915-0888;Curitiba;;Eleitor;PR;-25.4284;-49.2733
Michel Piragine;'+55 41 99154-9543;Curitiba;;Eleitor;PR;-25.4284;-49.2733
Michel Saliba;'+55 41 99919-0824;Curitiba;;Eleitor;PR;-25.4284;-49.2733
Michellotto;'+55 41 99142-3619;Curitiba;;Eleitor;PR;-25.4284;-49.2733
Miguel Machado Comninos;'+55 41 8860-4095;Curitiba;;Eleitor;PR;-25.4284;-49.2733
Miguel Machado Kominos;'+55 41 99656-5656;Curitiba;;Eleitor;PR;-25.4284;-49.2733
Morgana TST;'+55 41 99987-8703;Curitiba;;Eleitor;PR;-25.4284;-49.2733
Moving Mudanças Daniele;'+55 41 99679-5596;Curitiba;;Eleitor;PR;-25.4284;-49.2733
Márcia Cristina Ferreira Costa Bedin;(41) 99824-3795;Curitiba;;Eleitor;PR;-25.4284;-49.2733
Márcio Taques Mamão;'+55 41 99976-2208;Curitiba;;Eleitor;PR;-25.4284;-49.2733
Nassin;'+55 41 99223-0111;Curitiba;;Eleitor;PR;-25.4284;-49.2733
Natalino Seab;'+55 41 98827-8686;Curitiba;;Eleitor;PR;-25.4284;-49.2733
Nelsinho Justus;'+55 41 99183-1919;Curitiba;;Eleitor;PR;-25.4284;-49.2733
Nelson Costa Ocepar;'+55 41 99941-1675;Curitiba;;Eleitor;PR;-25.4284;-49.2733
Neno Caioba;'+55 41 98415-1111;Curitiba;;Eleitor;PR;-25.4284;-49.2733
Nestor Baptista;4187932364;Curitiba;;Eleitor;PR;-25.4284;-49.2733
Nestor Batista;'+55 41 98793-4516;Curitiba;;Eleitor;PR;-25.4284;-49.2733
Neto Santos;'+55 41 99971-4220;Curitiba;;Eleitor;PR;-25.4284;-49.2733
Nicole Hauer;'+55 41 99962-0257;Curitiba;;Eleitor;PR;-25.4284;-49.2733
Nilo Senhuk;41992581526;Curitiba;;Eleitor;PR;-25.4284;-49.2733
Norberto Ortigara;'+55 41 99117-6122;Curitiba;;Eleitor;PR;-25.4284;-49.2733
Noronha;'+55 41 99953-5441;Curitiba;;Eleitor;PR;-25.4284;-49.2733
Noronha;'+55 41 99972-0525;Curitiba;;Eleitor;PR;-25.4284;-49.2733
Novaes Exercito Caça;'+55 41 99806-1460;Curitiba;;Eleitor;PR;-25.4284;-49.2733
OGIER BUCHI;'+55 41 98749-5295;Curitiba;;Eleitor;PR;-25.4284;-49.2733
Oriovisto;'+55 41 99971-3550;Curitiba;;Eleitor;PR;-25.4284;-49.2733
Osmar Dias;'+55 41 99875-3040;Curitiba;;Eleitor;PR;-25.4284;-49.2733
Otamir Cesar Martins;(41) 99122-1928;Curitiba;;Eleitor;PR;-25.4284;-49.2733
Otavio Bucchi;'+55 41 98708-7072;Curitiba;;Eleitor;PR;-25.4284;-49.2733
Othavio Rosa Adv;'+55 41 98423-4040;Curitiba;;Eleitor;PR;-25.4284;-49.2733
Padre José Neto Bagozzi;'+55 41 9930-3700;Curitiba;;Eleitor;PR;-25.4284;-49.2733
Paike Cesar;'+55 41 98496-0151;Curitiba;;Eleitor;PR;-25.4284;-49.2733
Patricia Erzinger;'+55 41 99677-8133;Curitiba;;Eleitor;PR;-25.4284;-49.2733
Patricia Lelia;'+55 41 99995-6577;Curitiba;;Eleitor;PR;-25.4284;-49.2733
Patricia Sathler Pp;'+55 41 99147-9844;Curitiba;;Eleitor;PR;-25.4284;-49.2733
Patricia Schmidt;'+55 41 99119-5734;Curitiba;;Eleitor;PR;-25.4284;-49.2733
Patrick Lupion;'+55 41 99927-8268;Curitiba;;Eleitor;PR;-25.4284;-49.2733
Paula Mocellin;'+55 41 99972-1152;Curitiba;;Eleitor;PR;-25.4284;-49.2733
Paulo;'+55 41 99977-0035;Curitiba;;Eleitor;PR;-25.4284;-49.2733
Paulo Base;'+55 41 99644-7448;Curitiba;;Eleitor;PR;-25.4284;-49.2733
Paulo Garmatter;'+55 41 99969-2069;Curitiba;;Eleitor;PR;-25.4284;-49.2733
Paulo Matchinske;'+55 41 99104-5535;Curitiba;;Eleitor;PR;-25.4284;-49.2733
Paulo Meira;'+55 41 99968-1067;Curitiba;;Eleitor;PR;-25.4284;-49.2733
Paulo Pelanda;'+55 41 99103-6821;Curitiba;;Eleitor;PR;-25.4284;-49.2733
Paulo Salesbram;'+55 41 98848-2106;Curitiba;;Eleitor;PR;-25.4284;-49.2733
Pedro Caron;'+55 41 99710-2520;Curitiba;;Eleitor;PR;-25.4284;-49.2733
Pedro Dias;'+55 41 99234-3973;Curitiba;;Eleitor;PR;-25.4284;-49.2733
Pedro Henrique Borges;'+55 41 99968-1705;Curitiba;;Eleitor;PR;-25.4284;-49.2733
Pedro Ribeiro;'+55 41 99128-2882;Curitiba;;Eleitor;PR;-25.4284;-49.2733
Pessutti;'+55 41 99962-0778;Curitiba;;Eleitor;PR;-25.4284;-49.2733
Plinio Morais Pib;'+55 41 98421-2431;Curitiba;;Eleitor;PR;-25.4284;-49.2733
Pr Carlos Eduardo Lourenço;'+55 41 99881-0007;Curitiba;;Eleitor;PR;-25.4284;-49.2733
Prates;'+55 41 99994-8128;Curitiba;;Eleitor;PR;-25.4284;-49.2733
Rafael Atherino;'+55 41 98808-4742;Curitiba;;Eleitor;PR;-25.4284;-49.2733
Rafael Bacelar;'+55 41 99616-9015;Curitiba;;Eleitor;PR;-25.4284;-49.2733
Rafael Carvalho;'+55 41 99179-4999;Curitiba;;Eleitor;PR;-25.4284;-49.2733
Rafael Ferreira Vianna;(41) 98846-2077;Curitiba;;Eleitor;PR;-25.4284;-49.2733
Rafael Greca;'+55 41 99255-8185;Curitiba;;Eleitor;PR;-25.4284;-49.2733
RAFAELA LUPION;(41) 99961-2121;Curitiba;;Eleitor;PR;-25.4284;-49.2733
Ramon de Medeiros;'+55 41 99974-5995;Curitiba;;Eleitor;PR;-25.4284;-49.2733
Raphael Zoller_AgroZoller;'+55 41 99951-0051;Curitiba;;Eleitor;PR;-25.4284;-49.2733
Rasca Rodrigues;'+55 41 99973-1129;Curitiba;;Eleitor;PR;-25.4284;-49.2733
Ratinho Jr;'+55 41 99116-0055;Curitiba;;Eleitor;PR;-25.4284;-49.2733
Rebelo;'+55 41 99927-4666;Curitiba;;Eleitor;PR;-25.4284;-49.2733
REGINA DE FATIMA DA SILVA NAIME;(41) 99911-9012;Curitiba;;Eleitor;PR;-25.4284;-49.2733
Renata Antunes da Silva;(41) 99198-4069;Curitiba;;Eleitor;PR;-25.4284;-49.2733
Renata Krause;'+55 41 99972-0229;Curitiba;;Eleitor;PR;-25.4284;-49.2733
Renatinho;'+55 41 7811-6080;Curitiba;;Eleitor;PR;-25.4284;-49.2733
Renato Trombini;'+55 41 99985-0500;Curitiba;;Eleitor;PR;-25.4284;-49.2733
Reni Borsato;41996737711;Curitiba;;Eleitor;PR;-25.4284;-49.2733
Ricardo Almeida;'+55 41 99213-6633;Curitiba;;Eleitor;PR;-25.4284;-49.2733
Ricardo Andreazza;'+55 41 99994-1984;Curitiba;;Eleitor;PR;-25.4284;-49.2733
Ricardo Bittencourt House;'+55 41 98739-3429;Curitiba;;Eleitor;PR;-25.4284;-49.2733
Ricardo Bueno Salcedo;(55) 41991-5727;Curitiba;;Eleitor;PR;-25.4284;-49.2733
Ricardo Bueno Salcedo;'+55 41 99157-2715;Curitiba;;Eleitor;PR;-25.4284;-49.2733
Ricardo Caldas;'+55 41 99991-7230;Curitiba;;Eleitor;PR;-25.4284;-49.2733
Ricardo Feistauer;'+55 41 98703-9416;Curitiba;;Eleitor;PR;-25.4284;-49.2733
Ricardo Feistauer;'+55 41 98845-0041;Curitiba;;Eleitor;PR;-25.4284;-49.2733
Ricardo Gil;'+55 41 98801-0037;Curitiba;;Eleitor;PR;-25.4284;-49.2733
Ricardo Gomyde;'+55 41 99264-6500;Curitiba;;Eleitor;PR;-25.4284;-49.2733
Ricardo Serfas;'+55 41 99956-5404;Curitiba;;Eleitor;PR;-25.4284;-49.2733
Ricardo Tacla;'+55 41 99207-9597;Curitiba;;Eleitor;PR;-25.4284;-49.2733
Ricardo Tschannerl;(41) 9998-7724;Curitiba;;Eleitor;PR;-25.4284;-49.2733
Ricieri Garbelini (IRG);'+55 41 99628-4358;Curitiba;;Eleitor;PR;-25.4284;-49.2733
Ricken;'+55 41 99981-5794;Curitiba;;Eleitor;PR;-25.4284;-49.2733
Roberto Erzinger;'+55 41 99971-3470;Curitiba;;Eleitor;PR;-25.4284;-49.2733
Robson Mafioletti;'+55 41 99932-8754;Curitiba;;Eleitor;PR;-25.4284;-49.2733
Rocha;'+55 41 99977-8021;Curitiba;;Eleitor;PR;-25.4284;-49.2733
Rocha;'+55 41 99900-5533;Curitiba;;Eleitor;PR;-25.4284;-49.2733
Rodrigo;'+55 41 99844-4008;Curitiba;;Eleitor;PR;-25.4284;-49.2733
Rodrigo Bulcão Mello;(11) 99915-1792;Curitiba;;Eleitor;PR;-25.4284;-49.2733
Rodrigo Fornos;'+55 41 99934-9962;Curitiba;;Eleitor;PR;-25.4284;-49.2733
Rodrigo Khoury;'+55 41 99995-3777;Curitiba;;Eleitor;PR;-25.4284;-49.2733
Rodrigo Martinez Cnt;'+55 41 99968-1225;Curitiba;;Eleitor;PR;-25.4284;-49.2733
Rodrigo Oliveira Franco;'+55 41 98807-7427;Curitiba;;Eleitor;PR;-25.4284;-49.2733
Rodrigo Pironti;'+55 41 99987-8989;Curitiba;;Eleitor;PR;-25.4284;-49.2733
Rodrigo Reis;'+55 41 99104-6398;Curitiba;;Eleitor;PR;-25.4284;-49.2733
Rodrigo Romanini;(41) 98748-1582;Curitiba;;Eleitor;PR;-25.4284;-49.2733
Rogerio;'+55 41 99642-3011;Curitiba;;Eleitor;PR;-25.4284;-49.2733
Ronald Romanelli;'+55 41 99186-4477;Curitiba;;Eleitor;PR;-25.4284;-49.2733
Ronaldo Bittencourt;(41) 99109-1152;Curitiba;;Eleitor;PR;-25.4284;-49.2733
Ronei Volpi Agro;'+55 41 99968-4733;Curitiba;;Eleitor;PR;-25.4284;-49.2733
Rose Ianchuky;'+55 41 99981-3771;Curitiba;;Eleitor;PR;-25.4284;-49.2733
Rubens C. Lamel;'+55 41 99973-4655;Curitiba;;Eleitor;PR;-25.4284;-49.2733
Rubens Gusso;'+55 41 99977-3340;Curitiba;;Eleitor;PR;-25.4284;-49.2733
Rudy Haskel Monteiro;(47) 99293-8746;Curitiba;;Eleitor;PR;-25.4284;-49.2733
Sabbagh;'+55 41 99933-9060;Curitiba;;Eleitor;PR;-25.4284;-49.2733
Sabino Picollo;'+5541 99975-9608;Curitiba;;Eleitor;PR;-25.4284;-49.2733
Sandro Busato;'+55 41 98848-7560;Curitiba;;Eleitor;PR;-25.4284;-49.2733
Seleti;'+55 41 99951-8728;Curitiba;;Eleitor;PR;-25.4284;-49.2733
Sidnei Nunes de Souza;'+55 41 99162-6223;Curitiba;;Eleitor;PR;-25.4284;-49.2733
Sidney Adalla;14981128112;Curitiba;;Eleitor;PR;-25.4284;-49.2733
Silvia Cornelsen;'+55 41 99974-1138;Curitiba;;Eleitor;PR;-25.4284;-49.2733
Stefania Bonetti;'+55 41 99957-3979;Curitiba;;Eleitor;PR;-25.4284;-49.2733
Suelen Athayde;'+55 41 99603-0989;Curitiba;;Eleitor;PR;-25.4284;-49.2733
Suzana Santos;'+55 41 99917-4764;Curitiba;;Eleitor;PR;-25.4284;-49.2733
Syr;'+55 41 99288-7272;Curitiba;;Eleitor;PR;-25.4284;-49.2733
Ten. Cel. Pucheti;'+55 41 9138-7536;Curitiba;;Eleitor;PR;-25.4284;-49.2733
Thiago Branco;'+55 41 99149-7821;Curitiba;;Eleitor;PR;-25.4284;-49.2733
Thiago Mattos Leão;'+55 41 98801-0949;Curitiba;;Eleitor;PR;-25.4284;-49.2733
Thiago Trevissan Pmpr;'+55 41 99954-6184;Curitiba;;Eleitor;PR;-25.4284;-49.2733
Tiago Artimonte;'+55 41 99637-8811;Curitiba;;Eleitor;PR;-25.4284;-49.2733
Tiçao;'+55 41 99122-9969;Curitiba;;Eleitor;PR;-25.4284;-49.2733
Toni Menzel;'+55 41 98819-6001;Curitiba;;Eleitor;PR;-25.4284;-49.2733
Tortato;'+55 41 99602-7722;Curitiba;;Eleitor;PR;-25.4284;-49.2733
Tuco Farracha;'+55 41 99994-2856;Curitiba;;Eleitor;PR;-25.4284;-49.2733
Tupan;'+55 41 98803-2446;Curitiba;;Eleitor;PR;-25.4284;-49.2733
Valdemar Jorge;'+55 41 99997-7757;Curitiba;;Eleitor;PR;-25.4284;-49.2733
Vanessa Thaques;'+55 41 98872-0779;Curitiba;;Eleitor;PR;-25.4284;-49.2733
Vanessa Volpi;'+55 41 99103-0162;Curitiba;;Eleitor;PR;-25.4284;-49.2733
Vitor Ghassan Cantinho Arabe;'+55 41 99972-5988;Curitiba;;Eleitor;PR;-25.4284;-49.2733
Walter Voss Araucaria;'+55 41 99996-7966;Curitiba;;Eleitor;PR;-25.4284;-49.2733
Welington Anibal Dal Bem;'+55 41 99259-4588;Curitiba;;Eleitor;PR;-25.4284;-49.2733
Wellington Dalmaz;(41) 99991-9007;Curitiba;;Eleitor;PR;-25.4284;-49.2733
Wilson Bley BRDE;'+55 41 99221-6728;Curitiba;;Eleitor;PR;-25.4284;-49.2733
Wilson Lima;41988801112;Curitiba;;Eleitor;PR;-25.4284;-49.2733
Wilson Picler;'+55 41 99115-0354;Curitiba;;Eleitor;PR;-25.4284;-49.2733
Yagui;'+55 41 99141-3011;Curitiba;;Eleitor;PR;-25.4284;-49.2733
Zane;'+55 41 99968-5330;Curitiba;;Eleitor;PR;-25.4284;-49.2733
Zucchi;'+55 41 99975-2150;Curitiba;;Eleitor;PR;-25.4284;-49.2733
Zé Antonio Sap;'+5541 98816-3566;Curitiba;;Eleitor;PR;-25.4284;-49.2733
Zé Augusto Lima;'+55 41 99960-2058;Curitiba;;Eleitor;PR;-25.4284;-49.2733
Zé Beto Maciel;'+55 41 99241-2401;Curitiba;;Eleitor;PR;-25.4284;-49.2733
Zé Neto;(41) 99996-4569;Curitiba;;Eleitor;PR;-25.4284;-49.2733
Áureo Dourado;'+55 41 98731-3638;Curitiba;;Eleitor;PR;-25.4284;-49.2733
Adevir Lopes;(43) 99982-6414;Curiúva;;Eleitor;PR;-24.0339;-50.4556
Ciro Luiz Constanski;(43) 99818-4009;Curiúva;;Eleitor;PR;-24.0339;-50.4556
Diogo de Camargo;(42) 99827-1114;Curiúva;;Eleitor;PR;-24.0339;-50.4556
Ernani Gaudencio;43991077349;Curiúva;;Eleitor;PR;-24.0339;-50.4556
Gislaine;(43) 99125-8288;Curiúva;;Eleitor;PR;-24.0339;-50.4556
José de Lima;(43) 99667-3575;Curiúva;;Eleitor;PR;-24.0339;-50.4556
Leandro Bueno Ribas;43999100275;Curiúva;;Eleitor;PR;-24.0339;-50.4556
Luiz Andre;'+55 43 99112-8575;Curiúva;;Eleitor;PR;-24.0339;-50.4556
Luiz André Boraneli;(43) 99851-7192;Curiúva;;Eleitor;PR;-24.0339;-50.4556
Matheus Gaudencio;41992411830;Curiúva;;Eleitor;PR;-24.0339;-50.4556
Rafael Produtor;'+55 45 99914-4246;Céu Azul;;Eleitor;PR;-25.1492;-53.8408
Glória Smaniotto;'+55 46 99976-0352;Dois Vizinhos;;Eleitor;PR;-25.7389;-53.0611
Alfredo Miguel;43-98457-1688;Faxinal;;Eleitor;PR;-24.0003;-51.3214
Josinei godoi bueno;43984538179;Faxinal;;Eleitor;PR;-24.0003;-51.3214
Reginaldo Pavesi;(43) 99915-5559;Faxinal;;Eleitor;PR;-24.0003;-51.3214
Cleonice;(42) 99912-2730;Fernandes Pinheiro;;Eleitor;PR;-25.4139;-50.5456
Fábio Jacomel;(42) 99900-4900;Fernandes Pinheiro;;Eleitor;PR;-25.4139;-50.5456
Gustavo;(42) 9912-2698;Fernandes Pinheiro;;Eleitor;PR;-25.4139;-50.5456
Lucielle Anilla;42-99803-6938;Fernandes Pinheiro;;Eleitor;PR;-25.4139;-50.5456
Nei Schuck;(42) 9119-2735;Fernandes Pinheiro;;Eleitor;PR;-25.4139;-50.5456
Oziel Neivert;42 9974-0218;Fernandes Pinheiro;;Eleitor;PR;-25.4139;-50.5456
Rafael;(42) 9912-2803;Fernandes Pinheiro;;Eleitor;PR;-25.4139;-50.5456
Vanderlei Taiock;(42) 99833-6058;Fernandes Pinheiro;;Eleitor;PR;-25.4139;-50.5456
Jadico;(43) 99150-7260;Figueira;;Eleitor;PR;-23.8444;-50.3942
Valdecir Garcia;'+55 43 99971-8971;Figueira;;Eleitor;PR;-23.8444;-50.3942
Luís Cezar da Silva;(45) 99107-9399;Foz do Iguaçu;;Eleitor;PR;-25.5469;-54.5882
Sidnei Prestes;'+55 45 99826-2020;Foz do Iguaçu;;Eleitor;PR;-25.5469;-54.5882
Teles;'+55 45 99815-3199;Foz do Iguaçu;;Eleitor;PR;-25.5469;-54.5882
Albino Poposki;'+55 46 99975-1692;Francisco Beltrão;;Eleitor;PR;-26.0819;-53.055
Agilson Flausino da Silva;(44) 98404-3838;Goioerê;;Eleitor;PR;-24.1856;-53.0269
Airton Gonçalves;(44) 99967-8170;Goioerê;;Eleitor;PR;-24.1856;-53.0269
Renata Manhanini;'+55 44 99990-0046;Goioerê;;Eleitor;PR;-24.1856;-53.0269
Zezé Sismeiros;(43) 99916-9014;Goioerê;;Eleitor;PR;-24.1856;-53.0269
Dal Bem;(43) 98812-2284;Grandes Rios;;Eleitor;PR;-24.1483;-51.5067
Bernadete Mikos Moleta;(42) 99923-6091;Guamiranga;;Eleitor;PR;-25.1922;-50.7953
Dalnei Menon;(42) 99106-1159;Guamiranga;;Eleitor;PR;-25.1922;-50.7953
Debora C. S. Paduch;(42) 99157-5324;Guamiranga;;Eleitor;PR;-25.1922;-50.7953
Diego Pontarolo;(42) 99971-8312;Guamiranga;;Eleitor;PR;-25.1922;-50.7953
Machadinho;'+55 42 8823-6594;Guamiranga;;Eleitor;PR;-25.1922;-50.7953
Rosana Machado;'+55 42 99863-0325;Guamiranga;;Eleitor;PR;-25.1922;-50.7953
Aguinaldo da Costa Rodrigues;(43) 99984-2051;Guapirama;;Eleitor;PR;-23.5222;-50.0406
Hélcio Chagas de Oliveira;(43) 99194-2938;Guapirama;;Eleitor;PR;-23.5222;-50.0406
José Aparecido Lopes;(43) 99171-0404;Guapirama;;Eleitor;PR;-23.5222;-50.0406
José Correa do Prado Neto;(43) 99156-5113;Guapirama;;Eleitor;PR;-23.5222;-50.0406
José Ricardo Xavier Dias;(43) 99958-7782;Guapirama;;Eleitor;PR;-23.5222;-50.0406
Juliano Bubna;(43) 99139-9847;Guapirama;;Eleitor;PR;-23.5222;-50.0406
Jusandro Bubna;43-99141-8172;Guapirama;;Eleitor;PR;-23.5222;-50.0406
Marcos Vinicius Bubna;(43) 99137-6090;Guapirama;;Eleitor;PR;-23.5222;-50.0406
Matheus Gregório Bubna;(43) 99154-7339;Guapirama;;Eleitor;PR;-23.5222;-50.0406
Osvaldo dos Santos;(43) 99181-6363;Guapirama;;Eleitor;PR;-23.5222;-50.0406
Pedro Banzé;(43) 99138-1839;Guapirama;;Eleitor;PR;-23.5222;-50.0406
Ricardo Giulio Zago;(41) 99857-1868;Guapirama;;Eleitor;PR;-23.5222;-50.0406
Rosane Aparecida Bega Lopes;(43) 99171-0272;Guapirama;;Eleitor;PR;-23.5222;-50.0406
Adriana Botelho;'+55 42 99977-0161;Guarapuava;;Eleitor;PR;-25.3935;-51.462
Cristian Abt;(42) 99118-0266;Guarapuava;;Eleitor;PR;-25.3935;-51.462
Edilso Fernandes;(42) 98426-1300;Guarapuava;;Eleitor;PR;-25.3935;-51.462
Hildegard Abt;'+55 42 99977-0747;Guarapuava;;Eleitor;PR;-25.3935;-51.462
Janaina;'+55 42 99946-6360;Guarapuava;;Eleitor;PR;-25.3935;-51.462
Nael;'+55 42 99107-2575;Guarapuava;;Eleitor;PR;-25.3935;-51.462
Peter Gabriel Wolbert;(42) 99938-4620;Guarapuava;;Eleitor;PR;-25.3935;-51.462
RODOLPHO BOTELHO Sind Rural;'+55 42 99977-1140;Guarapuava;;Eleitor;PR;-25.3935;-51.462
Dr Joao Fernando Grecilo;'+55 44 99959-3655;Guaíra;;Eleitor;PR;-24.0864;-54.2567
Fernanda Wachsmann;(44) 99853-4470;Guaíra;;Eleitor;PR;-24.0864;-54.2567
Geórgia Bufara;'+55 44 99116-2637;Guaíra;;Eleitor;PR;-24.0864;-54.2567
Heraldo Trento;'+55 44 99976-0042;Guaíra;;Eleitor;PR;-24.0864;-54.2567
Ivan Leonardo Wachsmann;(67) 98150-3810;Guaíra;;Eleitor;PR;-24.0864;-54.2567
Rodrigo H. Triches;'+55 44 99922-1433;Guaíra;;Eleitor;PR;-24.0864;-54.2567
Silvanir Rosset Sind Rural;'+55 44 99107-4953;Guaíra;;Eleitor;PR;-24.0864;-54.2567
Adriana Aparecida Venâncio de Lara Santana;(43) 99637-3158;Ibaiti;;Eleitor;PR;-23.8489;-50.1878
Adriana Carla Moura;(43) 99929-6999;Ibaiti;;Eleitor;PR;-23.8489;-50.1878
Adriano Lavorato;(43) 99984-2351;Ibaiti;;Eleitor;PR;-23.8489;-50.1878
AKELICI FERNANDA NUNES DOS SANTOS;(15) 98160-4428;Ibaiti;;Eleitor;PR;-23.8489;-50.1878
Alcides Tavares;43996265895;Ibaiti;;Eleitor;PR;-23.8489;-50.1878
Alessandra Luzia Rodrigues Pereira;(43) 99621-5965;Ibaiti;;Eleitor;PR;-23.8489;-50.1878
Alessandro de campos;(43) 99865-5020;Ibaiti;;Eleitor;PR;-23.8489;-50.1878
Alex de Souza Moraes;(43) 99835-4015;Ibaiti;;Eleitor;PR;-23.8489;-50.1878
Alexandre Sousa Nunes;(43) 99193-3322;Ibaiti;;Eleitor;PR;-23.8489;-50.1878
Alexandre Sousa Nunes;(43) 99138-3322;Ibaiti;;Eleitor;PR;-23.8489;-50.1878
Amabily da Silva Laverde;(43) 99961-3739;Ibaiti;;Eleitor;PR;-23.8489;-50.1878
Ana Carla Castilho Arruda;(43) 99177-0882;Ibaiti;;Eleitor;PR;-23.8489;-50.1878
Ana Carolina Pereira Silva cunha;(43) 99842-0048;Ibaiti;;Eleitor;PR;-23.8489;-50.1878
Ana Paula fernandes;(43) 99111-2174;Ibaiti;;Eleitor;PR;-23.8489;-50.1878
Anderson Almeida;(43) 99626-8789;Ibaiti;;Eleitor;PR;-23.8489;-50.1878
Anderson César Barbosa;(43) 99114-3027;Ibaiti;;Eleitor;PR;-23.8489;-50.1878
Andrea Carlos Dias;(43) 99110-8023;Ibaiti;;Eleitor;PR;-23.8489;-50.1878
André Infante Vieira de Assis;(41) 99849-8888;Ibaiti;;Eleitor;PR;-23.8489;-50.1878
Angela Cristina dos Santos;(43) 99181-7398;Ibaiti;;Eleitor;PR;-23.8489;-50.1878
Angelita Átila Braga de Oliveira;(41) 99692-0616;Ibaiti;;Eleitor;PR;-23.8489;-50.1878
Anna Flávia Rocha;(43) 98487-0655;Ibaiti;;Eleitor;PR;-23.8489;-50.1878
Antonely de Cássio A. de Carvalho;43-99915-9175;Ibaiti;;Eleitor;PR;-23.8489;-50.1878
Antonio marcos;(43) 99611-3436;Ibaiti;;Eleitor;PR;-23.8489;-50.1878
ANTONIO VINCENZI;(43) 99979-7229;Ibaiti;;Eleitor;PR;-23.8489;-50.1878
Antônio Ferreira de Moraes;(43) 99652-0518;Ibaiti;;Eleitor;PR;-23.8489;-50.1878
Arthur Humberto Altvater;(43) 99831-0888;Ibaiti;;Eleitor;PR;-23.8489;-50.1878
Bruna Carvalho Sanches;(43) 99857-8075;Ibaiti;;Eleitor;PR;-23.8489;-50.1878
Bruna Stefani de Oliveira Altvater;(43) 93300-3622;Ibaiti;;Eleitor;PR;-23.8489;-50.1878
Bruno Otavio dos Santos Machado Rodrgues;(43) 99866-6810;Ibaiti;;Eleitor;PR;-23.8489;-50.1878
Caio Rodrigo Cardoso Peixoto;(43) 99650-2289;Ibaiti;;Eleitor;PR;-23.8489;-50.1878
Carla Castilho;(43) 99127-8120;Ibaiti;;Eleitor;PR;-23.8489;-50.1878
Carlos Alexandre dos Santos;(43) 99909-2257;Ibaiti;;Eleitor;PR;-23.8489;-50.1878
Carlos Cesar Pereira;(43) 99838-4525;Ibaiti;;Eleitor;PR;-23.8489;-50.1878
Carlos Diego Vigilato Da Rocha;(43) 99636-5147;Ibaiti;;Eleitor;PR;-23.8489;-50.1878
Carlos Henrique de Oliveira;(43) 99603-9136;Ibaiti;;Eleitor;PR;-23.8489;-50.1878
Carol;'+55 43 99659-1658;Ibaiti;;Eleitor;PR;-23.8489;-50.1878
Cassia Gindri;(43) 99608-1161;Ibaiti;;Eleitor;PR;-23.8489;-50.1878
Claudio Celio Sotta;(43) 99904-7424;Ibaiti;;Eleitor;PR;-23.8489;-50.1878
CLAUDIO GIROLIMETTO;(43) 99917-6525;Ibaiti;;Eleitor;PR;-23.8489;-50.1878
Claudio Roberto Rossi;(43) 99107-3577;Ibaiti;;Eleitor;PR;-23.8489;-50.1878
Clayton pedroso de Morais;(42) 98863-2464;Ibaiti;;Eleitor;PR;-23.8489;-50.1878
Clelia aparecida machado;(43) 99900-0328;Ibaiti;;Eleitor;PR;-23.8489;-50.1878
Cristiane Valle;(41) 9622-5777;Ibaiti;;Eleitor;PR;-23.8489;-50.1878
Cristiano paterlini vieira;(43) 99979-2484;Ibaiti;;Eleitor;PR;-23.8489;-50.1878
Daniel Dib;(41) 99669-6971;Ibaiti;;Eleitor;PR;-23.8489;-50.1878
Denise da Silva Lima;(43) 99951-4984;Ibaiti;;Eleitor;PR;-23.8489;-50.1878
Denise Prestes Teixeira;(43) 99142-9615;Ibaiti;;Eleitor;PR;-23.8489;-50.1878
Eberson Faria da Silva;43991783020;Ibaiti;;Eleitor;PR;-23.8489;-50.1878
EDSON DE MIRANDA FRANCHIN;(43) 99630-8898;Ibaiti;;Eleitor;PR;-23.8489;-50.1878
Eduardo henrique da costa giovanell;(43) 99925-9048;Ibaiti;;Eleitor;PR;-23.8489;-50.1878
Elaine Ap. Freitas;(43) 99971-7318;Ibaiti;;Eleitor;PR;-23.8489;-50.1878
Elaine O. Serial;(43) 99984-2308;Ibaiti;;Eleitor;PR;-23.8489;-50.1878
Elaine Serial Regazzo;(43) 99842-3082;Ibaiti;;Eleitor;PR;-23.8489;-50.1878
Elias Golveia Almeida;(41) 99917-3020;Ibaiti;;Eleitor;PR;-23.8489;-50.1878
Elisandra Rosa;(43) 99954-4315;Ibaiti;;Eleitor;PR;-23.8489;-50.1878
ERICA DE CASSIA SOUZA PEREIRA;(43) 99160-1800;Ibaiti;;Eleitor;PR;-23.8489;-50.1878
Evandro Marcelino Carlos;(43) 99845-3026;Ibaiti;;Eleitor;PR;-23.8489;-50.1878
EVERTON LUIZ NOBILE;(43) 99912-5544;Ibaiti;;Eleitor;PR;-23.8489;-50.1878
FABIANA DE OLIVEIRA;(43) 99675-7827;Ibaiti;;Eleitor;PR;-23.8489;-50.1878
Fernanda Ferra da Silva;(43) 99690-9822;Ibaiti;;Eleitor;PR;-23.8489;-50.1878
Fernando de Oliveira;(43) 99647-2457;Ibaiti;;Eleitor;PR;-23.8489;-50.1878
Fernando Gindri Discini;(43) 99637-7645;Ibaiti;;Eleitor;PR;-23.8489;-50.1878
Fernando Rocha Ferreira;(43) 99643-2076;Ibaiti;;Eleitor;PR;-23.8489;-50.1878
Francianne Bueno de Moura Costa;(43) 99652-0485;Ibaiti;;Eleitor;PR;-23.8489;-50.1878
Francieli Simões da Silva;(43) 99103-3604;Ibaiti;;Eleitor;PR;-23.8489;-50.1878
Fábio Eduardo de Castro;(67) 99917-8005;Ibaiti;;Eleitor;PR;-23.8489;-50.1878
Greice kelli da Silva;43999325650;Ibaiti;;Eleitor;PR;-23.8489;-50.1878
Haroldo Regazzo;(43) 99920-1330;Ibaiti;;Eleitor;PR;-23.8489;-50.1878
HEBERTON GONCALVES DIAS RODRIGUES;(43) 99148-7736;Ibaiti;;Eleitor;PR;-23.8489;-50.1878
Izonei Cezar Eduardo Ramos;(43) 9651-4430;Ibaiti;;Eleitor;PR;-23.8489;-50.1878
Janaina Fernanda sanches;(43) 99819-5873;Ibaiti;;Eleitor;PR;-23.8489;-50.1878
Janifer Juliana de Oliveira Altvater;(43) 99951-4679;Ibaiti;;Eleitor;PR;-23.8489;-50.1878
Jean Max Antunes;(43) 99617-8597;Ibaiti;;Eleitor;PR;-23.8489;-50.1878
JOSE CARLOS DA SILVA;(43) 99936-6779;Ibaiti;;Eleitor;PR;-23.8489;-50.1878
José Cláudio Tristão;(43) 99132-3976;Ibaiti;;Eleitor;PR;-23.8489;-50.1878
José Faria;'+55 43 99813-2223;Ibaiti;;Eleitor;PR;-23.8489;-50.1878
José Roberto Altvater;(43) 99626-1976;Ibaiti;;Eleitor;PR;-23.8489;-50.1878
José Roberto Amoriello;(43) 99115-7963;Ibaiti;;Eleitor;PR;-23.8489;-50.1878
João Batista dos Santos;(43) 99612-6899;Ibaiti;;Eleitor;PR;-23.8489;-50.1878
Jucilei Santos;(43) 99166-2983;Ibaiti;;Eleitor;PR;-23.8489;-50.1878
Lael Benedito da Cunha;43996093890;Ibaiti;;Eleitor;PR;-23.8489;-50.1878
Lara Melissa Bueno Boska;(43) 99661-1812;Ibaiti;;Eleitor;PR;-23.8489;-50.1878
Lariel Castro;(43) 99192-5317;Ibaiti;;Eleitor;PR;-23.8489;-50.1878
Laura Serial Gelinski;(43) 9688-0998;Ibaiti;;Eleitor;PR;-23.8489;-50.1878
LEANDRO JOSE DE CARVALHO;(43) 99937-2830;Ibaiti;;Eleitor;PR;-23.8489;-50.1878
Luciana Cristina de Souza;(43) 98448-0117;Ibaiti;;Eleitor;PR;-23.8489;-50.1878
Luciane Ruiz Nobile;(43) 99929-3691;Ibaiti;;Eleitor;PR;-23.8489;-50.1878
Lucilene Sanches;(43) 99834-8360;Ibaiti;;Eleitor;PR;-23.8489;-50.1878
Luis Carlos Bernardi gelinski;(43) 99611-3290;Ibaiti;;Eleitor;PR;-23.8489;-50.1878
Luiz Carlos pontes;(43) 99825-0392;Ibaiti;;Eleitor;PR;-23.8489;-50.1878
Luiz Gustavo Ruiz;(66) 99915-0124;Ibaiti;;Eleitor;PR;-23.8489;-50.1878
Luzimar aparecido Bueno;(43) 99827-5611;Ibaiti;;Eleitor;PR;-23.8489;-50.1878
Madeleine Aparecida Rodrigues;(43) 99640-7173;Ibaiti;;Eleitor;PR;-23.8489;-50.1878
Magna Alexandrina Carneiro;(43) 99932-3201;Ibaiti;;Eleitor;PR;-23.8489;-50.1878
Maiara de Souza Gonçalves da cruz;(43) 99962-1148;Ibaiti;;Eleitor;PR;-23.8489;-50.1878
Marcelo antonio Cunha;(43) 99990-5209;Ibaiti;;Eleitor;PR;-23.8489;-50.1878
Marcos Antônio mereira;(43) 99869-7643;Ibaiti;;Eleitor;PR;-23.8489;-50.1878
Marcos da costa;(43) 99111-3279;Ibaiti;;Eleitor;PR;-23.8489;-50.1878
Maria de Lourdes Depieri Gindri;(43) 99968-5854;Ibaiti;;Eleitor;PR;-23.8489;-50.1878
Maria Elizabett de Souza;43991784428;Ibaiti;;Eleitor;PR;-23.8489;-50.1878
Maria Luiza Rocha de Almeida;(43) 99829-8643;Ibaiti;;Eleitor;PR;-23.8489;-50.1878
Maria Pavani;(43) 99169-0420;Ibaiti;;Eleitor;PR;-23.8489;-50.1878
MARLI DO CARMO SILVA VIGILATO;(43) 99972-9641;Ibaiti;;Eleitor;PR;-23.8489;-50.1878
Matheus vigilato de moraes;43920001639;Ibaiti;;Eleitor;PR;-23.8489;-50.1878
Mauro Procópio de Camargo;(43) 99167-1147;Ibaiti;;Eleitor;PR;-23.8489;-50.1878
Michele Aparecida Nogueira;(43) 98403-3307;Ibaiti;;Eleitor;PR;-23.8489;-50.1878
Michele Aparecida Nogueira;(43) 99622-4629;Ibaiti;;Eleitor;PR;-23.8489;-50.1878
Monica Muller;(43) 98836-4601;Ibaiti;;Eleitor;PR;-23.8489;-50.1878
Márcia Ferreira da Silva;(43) 98436-5361;Ibaiti;;Eleitor;PR;-23.8489;-50.1878
Nathali Renata Damasceno de Souza;(43) 99927-6112;Ibaiti;;Eleitor;PR;-23.8489;-50.1878
Nayara Ribeiro Ferreira;(41) 99771-5800;Ibaiti;;Eleitor;PR;-23.8489;-50.1878
Nefily Alves Esteves;(43) 99169-8515;Ibaiti;;Eleitor;PR;-23.8489;-50.1878
Nilssandro de Arruda;(43) 99111-0882;Ibaiti;;Eleitor;PR;-23.8489;-50.1878
Odilei aparecido machado;(43) 99862-1798;Ibaiti;;Eleitor;PR;-23.8489;-50.1878
Oleigna de Cássia Silva Dib;(43) 99951-9781;Ibaiti;;Eleitor;PR;-23.8489;-50.1878
Paulo Claudinei Fadel;(43) 99634-3821;Ibaiti;;Eleitor;PR;-23.8489;-50.1878
Rafael Garcia de Carvalho;(43) 99665-8972;Ibaiti;;Eleitor;PR;-23.8489;-50.1878
REJANE FADEL OLIVETTI VINCENZI;(43) 99956-5761;Ibaiti;;Eleitor;PR;-23.8489;-50.1878
roberto regazzo;(43) 99967-6881;Ibaiti;;Eleitor;PR;-23.8489;-50.1878
Roberto Silva;(43) 99657-9936;Ibaiti;;Eleitor;PR;-23.8489;-50.1878
Rodrigo de Oliveira Aquino;(43) 99952-8822;Ibaiti;;Eleitor;PR;-23.8489;-50.1878
Rogério Pereira da Rosa;(43) 99164-2871;Ibaiti;;Eleitor;PR;-23.8489;-50.1878
ROSANGELA CARDOSO COELHO;(43) 99688-9754;Ibaiti;;Eleitor;PR;-23.8489;-50.1878
Roseli Ruiz;(43) 9968-9223;Ibaiti;;Eleitor;PR;-23.8489;-50.1878
Roseli Ruiz;4396809223;Ibaiti;;Eleitor;PR;-23.8489;-50.1878
Rosicler Hoeflings de Souza Waldemar;41987379008;Ibaiti;;Eleitor;PR;-23.8489;-50.1878
Sheila de Oliveira Gonçalves;(43) 99129-9125;Ibaiti;;Eleitor;PR;-23.8489;-50.1878
Sidinei Braz Goulart;(43) 99926-7226;Ibaiti;;Eleitor;PR;-23.8489;-50.1878
Tania Dib;(43) 99146-4402;Ibaiti;;Eleitor;PR;-23.8489;-50.1878
Thaiane Medelen Sluboda;(43) 99676-6148;Ibaiti;;Eleitor;PR;-23.8489;-50.1878
Thaís Raine Teixeira Sluboda;(43) 99615-0054;Ibaiti;;Eleitor;PR;-23.8489;-50.1878
Ulisses Ferreira de Melo Neto;43-99194-3475;Ibaiti;;Eleitor;PR;-23.8489;-50.1878
Vagner Batista Alves;(43) 99136-1655;Ibaiti;;Eleitor;PR;-23.8489;-50.1878
Vagner Garcia Francisco;(43) 99609-8058;Ibaiti;;Eleitor;PR;-23.8489;-50.1878
Valeria Sanches de campos;(43) 99842-3023;Ibaiti;;Eleitor;PR;-23.8489;-50.1878
Valério Aparecido Constantino;43996041092;Ibaiti;;Eleitor;PR;-23.8489;-50.1878
Vanderlei Siqueira e Silva;43968092233;Ibaiti;;Eleitor;PR;-23.8489;-50.1878
Vera Lucia Bernardes;43-99929-8770;Ibaiti;;Eleitor;PR;-23.8489;-50.1878
Victor Hugo José da Silva;(43) 99641-3003;Ibaiti;;Eleitor;PR;-23.8489;-50.1878
Vinicius Santos Santana;(43) 98825-8851;Ibaiti;;Eleitor;PR;-23.8489;-50.1878
Vitor Ferreira gandra (Vitor Paraná radialista);(43) 99681-4248;Ibaiti;;Eleitor;PR;-23.8489;-50.1878
Vitoria Monticelli;(43) 99800-1916;Ibaiti;;Eleitor;PR;-23.8489;-50.1878
VIVIANE CHUEIRI;(43) 99152-7995;Ibaiti;;Eleitor;PR;-23.8489;-50.1878
Waldeci Aparecido Machado;43999988779;Ibaiti;;Eleitor;PR;-23.8489;-50.1878
Waldemar Ferreira de Almeida neto;(43) 99187-5031;Ibaiti;;Eleitor;PR;-23.8489;-50.1878
Waldirene Aparecida vigilato Rocha;43998275119;Ibaiti;;Eleitor;PR;-23.8489;-50.1878
warley pagani santana;(43) 99916-0673;Ibaiti;;Eleitor;PR;-23.8489;-50.1878
Welington Leite Ferreira;(43) 99161-5265;Ibaiti;;Eleitor;PR;-23.8489;-50.1878
Wilian Borges;4391854937;Ibaiti;;Eleitor;PR;-23.8489;-50.1878
Érika de Oliveira Serial Gelinski;(43) 99861-3939;Ibaiti;;Eleitor;PR;-23.8489;-50.1878
Daniel Sarabia;(43) 98407-1521;Ibiporã;;Eleitor;PR;-23.2689;-51.0481
DANIEL TEIXEIRA DOS SANTOS;(43) 98488-9717;Ibiporã;;Eleitor;PR;-23.2689;-51.0481
DAYANE FARIAS RODRIGUES;(43) 98820-6431;Ibiporã;;Eleitor;PR;-23.2689;-51.0481
Fabio akira oishi;(43) 99178-0903;Ibiporã;;Eleitor;PR;-23.2689;-51.0481
Flavio Eduardo Barroso;(43) 98436-1262;Ibiporã;;Eleitor;PR;-23.2689;-51.0481
FLORISA HOSHINO;(43) 9972-3109;Ibiporã;;Eleitor;PR;-23.2689;-51.0481
Maria Aparecida Silva Sarabia;(43) 99111-0326;Ibiporã;;Eleitor;PR;-23.2689;-51.0481
Matheus Henrique Barroso;(43) 98439-6035;Ibiporã;;Eleitor;PR;-23.2689;-51.0481
Milton Alexandre;(43) 98475-0242;Ibiporã;;Eleitor;PR;-23.2689;-51.0481
Roberval dos Santos;43991525567;Ibiporã;;Eleitor;PR;-23.2689;-51.0481
Rodney M Yamada;(43) 98457-2800;Ibiporã;;Eleitor;PR;-23.2689;-51.0481
Silvana Alves;(43) 98492-9952;Ibiporã;;Eleitor;PR;-23.2689;-51.0481
Walmique Alves Ferreira;(43) 99152-8124;Ibiporã;;Eleitor;PR;-23.2689;-51.0481
Ildo casaril;(42) 99976-9395;Imbaú;;Eleitor;PR;-24.4472;-50.7553
Flávio Foggiato;(42) 99834-5198;Imbituva;;Eleitor;PR;-25.2294;-50.6033
Maria Foggiato;(42) 99909-9903;Imbituva;;Eleitor;PR;-25.2294;-50.6033
Morais;'+55 42 99930-3000;Imbituva;;Eleitor;PR;-25.2294;-50.6033
Pedrinho Sloboda;(42) 99971-1976;Imbituva;;Eleitor;PR;-25.2294;-50.6033
Pedrinho Sloboda;'+5542 99127-2790;Imbituva;;Eleitor;PR;-25.2294;-50.6033
Rodrigo;(42) 99807-1211;Imbituva;;Eleitor;PR;-25.2294;-50.6033
Rosani Sloboda;(42) 99822-6944;Imbituva;;Eleitor;PR;-25.2294;-50.6033
Ângelo Francisco Foggiatto;(42) 99978-3356;Imbituva;;Eleitor;PR;-25.2294;-50.6033
Alexandre Scheifer;(42) 98809-3700;Ipiranga;;Eleitor;PR;-25.0225;-50.58
Douglas Modesto;(42) 99808-1708;Ipiranga;;Eleitor;PR;-25.0225;-50.58
Faustino Pereira Filho;(42) 99807-3448;Ipiranga;;Eleitor;PR;-25.0225;-50.58
Jondino Casagrande;(42) 98803-4439;Ipiranga;;Eleitor;PR;-25.0225;-50.58
João Mielke;(42) 99118-9795;Ipiranga;;Eleitor;PR;-25.0225;-50.58
Julio Cesar Scheifer;(42) 99148-3693;Ipiranga;;Eleitor;PR;-25.0225;-50.58
Leonardo Blum;'+55 42 99914-1484;Ipiranga;;Eleitor;PR;-25.0225;-50.58
Meiri;(42) 99121-6887;Ipiranga;;Eleitor;PR;-25.0225;-50.58
Wylliam Gustav Kruger;(42) 99902-1920;Ipiranga;;Eleitor;PR;-25.0225;-50.58
Marinaldo Flor;(44) 8422-0960;Iretama;;Eleitor;PR;-24.4242;-52.1039
Márcio Cesar de Mattos;(44) 99880-5555;Iretama;;Eleitor;PR;-24.4242;-52.1039
Pedrinho;'+55 44 99144-8955;Iretama;;Eleitor;PR;-24.4242;-52.1039
Roberval Nery de Oliveira;(44) 99746-7033;Iretama;;Eleitor;PR;-24.4242;-52.1039
Rodrigo Saab;(44) 99910-0420;Iretama;;Eleitor;PR;-24.4242;-52.1039
Rubens Gugu;'+55 44 99841-4951;Iretama;;Eleitor;PR;-24.4242;-52.1039
Same Saab;(44) 99840-8232;Iretama;;Eleitor;PR;-24.4242;-52.1039
Renato Souza;'+55 44 99113-3374;Itaguajé;;Eleitor;PR;-22.6131;-51.9681
arnaldo holzmann junior;(43) 98448-6523;Itambaracá;;Eleitor;PR;-22.9175;-50.5108
Beatriz Rodrigues Pedro Sanches;(43) 98824-8642;Itambaracá;;Eleitor;PR;-22.9175;-50.5108
Chico Basseto;(43) 99985-0113;Itambaracá;;Eleitor;PR;-22.9175;-50.5108
Cido Souza;(43) 99121-5465;Itambaracá;;Eleitor;PR;-22.9175;-50.5108
Edinei Bassetto;(43) 99913-3666;Itambaracá;;Eleitor;PR;-22.9175;-50.5108
Edson Inocêncio da Fonseca;(43) 99681-2744;Itambaracá;;Eleitor;PR;-22.9175;-50.5108
Evaldo Aparecido Roberto;(43) 98479-5423;Itambaracá;;Eleitor;PR;-22.9175;-50.5108
Flavio Biancardi;(43) 98414-1064;Itambaracá;;Eleitor;PR;-22.9175;-50.5108
Francisco Sanches;(43) 98803-2463;Itambaracá;;Eleitor;PR;-22.9175;-50.5108
Jose Carlos Dias Neto;(43) 99977-0434;Itambaracá;;Eleitor;PR;-22.9175;-50.5108
Luiz Gustavo Fabris;(43) 99159-3905;Itambaracá;;Eleitor;PR;-22.9175;-50.5108
Luiz Roberto Fabris de Oliveira;(43) 99917-6634;Itambaracá;;Eleitor;PR;-22.9175;-50.5108
Maria luiza zambon holzmann;(43) 98414-2260;Itambaracá;;Eleitor;PR;-22.9175;-50.5108
Miguel Romero;(43) 99165-6263;Itambaracá;;Eleitor;PR;-22.9175;-50.5108
Mário Teixeira Marinho Neto;(43) 99982-6234;Itambaracá;;Eleitor;PR;-22.9175;-50.5108
Mônica Cristina Zambon Holzmann;(43) 98448-6518;Itambaracá;;Eleitor;PR;-22.9175;-50.5108
Sinézio Borges;(43) 99976-1581;Itambaracá;;Eleitor;PR;-22.9175;-50.5108
Vittorio Vennturi;(43) 99987-8801;Itambaracá;;Eleitor;PR;-22.9175;-50.5108
Daniel Chociai;(42) 99108-2929;Ivaí;;Eleitor;PR;-25.0097;-50.8592
Jorge Schociai;(42) 99108-1108;Ivaí;;Eleitor;PR;-25.0097;-50.8592
Jorge Sloboda;(42) 99119-6183;Ivaí;;Eleitor;PR;-25.0097;-50.8592
Marcelo Nass;(42) 99126-3781;Ivaí;;Eleitor;PR;-25.0097;-50.8592
Orli De Cristo -;'+55 42 99860-3929;Ivaí;;Eleitor;PR;-25.0097;-50.8592
Pedrinho Chociai;(42) 99806-6222;Ivaí;;Eleitor;PR;-25.0097;-50.8592
Rafaela Krutsch Chociai;(42) 99121-5666;Ivaí;;Eleitor;PR;-25.0097;-50.8592
Scharles Fabiano Scheifer;(42) 99916-1570;Ivaí;;Eleitor;PR;-25.0097;-50.8592
Valdir Storer;(42) 99839-2019;Ivaí;;Eleitor;PR;-25.0097;-50.8592
Elivelto ribeiro da Silva;(43) 99696-4902;Jaboti;;Eleitor;PR;-23.7447;-50.0739
Fabiano Luiz dos santos;43996615679;Jaboti;;Eleitor;PR;-23.7447;-50.0739
Felipe dos Santos;43999300178;Jaboti;;Eleitor;PR;-23.7447;-50.0739
FERNANDO DA SILVA BATISTA;43988026569;Jaboti;;Eleitor;PR;-23.7447;-50.0739
Luis Henrique More de Freitas Silva;(43) 98867-0561;Jaboti;;Eleitor;PR;-23.7447;-50.0739
Paloma Daniela dos santos;43999194890;Jaboti;;Eleitor;PR;-23.7447;-50.0739
Radialista Claudião Paraná;(43) 99938-9387;Jaboti;;Eleitor;PR;-23.7447;-50.0739
Vanderlei de Siqueira e Silva;(43) 99911-1513;Jaboti;;Eleitor;PR;-23.7447;-50.0739
Adilson Batista;43999771652;Jacarezinho;;Eleitor;PR;-23.1619;-49.9694
Adilson Batista;43999368727;Jacarezinho;;Eleitor;PR;-23.1619;-49.9694
Adriano Tonet;(43) 98855-6555;Jacarezinho;;Eleitor;PR;-23.1619;-49.9694
Airton Setti;(43) 98435-7777;Jacarezinho;;Eleitor;PR;-23.1619;-49.9694
Alessandra Caetano;(43) 99637-4580;Jacarezinho;;Eleitor;PR;-23.1619;-49.9694
ALESSANDRA LEMES DA ROZA;(43) 99652-4218;Jacarezinho;;Eleitor;PR;-23.1619;-49.9694
Alessandro Gabriel;(43) 9988-1485;Jacarezinho;;Eleitor;PR;-23.1619;-49.9694
ALESSANDRO MARTINI FERREIRA;(43) 99122-3263;Jacarezinho;;Eleitor;PR;-23.1619;-49.9694
Alexandra Aparecida Moreira;(43) 99821-4075;Jacarezinho;;Eleitor;PR;-23.1619;-49.9694
Alexandre alves da silva;(43) 99691-9800;Jacarezinho;;Eleitor;PR;-23.1619;-49.9694
Alfeu Paulo da Silva junior;43991047804;Jacarezinho;;Eleitor;PR;-23.1619;-49.9694
Alfredo Ayub;(43) 99977-0124;Jacarezinho;;Eleitor;PR;-23.1619;-49.9694
Aline Antonieto;(43) 99117-4855;Jacarezinho;;Eleitor;PR;-23.1619;-49.9694
Aline de souza;(43) 99933-5276;Jacarezinho;;Eleitor;PR;-23.1619;-49.9694
Aline Paulino de Souza;(43) 99123-0238;Jacarezinho;;Eleitor;PR;-23.1619;-49.9694
Amanda Alves da Silva;(43) 99858-0672;Jacarezinho;;Eleitor;PR;-23.1619;-49.9694
Amanda Drabeski;(43) 99952-9942;Jacarezinho;;Eleitor;PR;-23.1619;-49.9694
Ana Leticia Orlandini;'+55 43 99937-5004;Jacarezinho;;Eleitor;PR;-23.1619;-49.9694
Ana Lima;43999527568;Jacarezinho;;Eleitor;PR;-23.1619;-49.9694
Ana Molini;'+55 43 8803-6984;Jacarezinho;;Eleitor;PR;-23.1619;-49.9694
Anderson Lopes;(43) 99154-4065;Jacarezinho;;Eleitor;PR;-23.1619;-49.9694
Andre Luis orlandini;(43) 99627-5513;Jacarezinho;;Eleitor;PR;-23.1619;-49.9694
Antonio Neto;(43) 99666-9764;Jacarezinho;;Eleitor;PR;-23.1619;-49.9694
Antonio Pereira Junior;(43) 99695-7048;Jacarezinho;;Eleitor;PR;-23.1619;-49.9694
Aparecida carapina de Souza;43996678319;Jacarezinho;;Eleitor;PR;-23.1619;-49.9694
Aparecido Luiz da Silva;(43) 99647-9200;Jacarezinho;;Eleitor;PR;-23.1619;-49.9694
Betão da Curva;(43) 98453-1759;Jacarezinho;;Eleitor;PR;-23.1619;-49.9694
BRUNO GUIDELLI;(43) 99647-0656;Jacarezinho;;Eleitor;PR;-23.1619;-49.9694
Caio Felipe Benedete de Moura;14996805337;Jacarezinho;;Eleitor;PR;-23.1619;-49.9694
Caio Gomes Tinti;(43) 99964-5138;Jacarezinho;;Eleitor;PR;-23.1619;-49.9694
Camila Dias de Oliveira Chmiluk;(43) 98475-4391;Jacarezinho;;Eleitor;PR;-23.1619;-49.9694
Carlos Alberto dos Santos Junior;(43) 99977-6598;Jacarezinho;;Eleitor;PR;-23.1619;-49.9694
Carlos Eduardo Bassinelo;(43) 99606-1901;Jacarezinho;;Eleitor;PR;-23.1619;-49.9694
Carlos Eduardo de Souza;(43) 99609-3444;Jacarezinho;;Eleitor;PR;-23.1619;-49.9694
carlos eduardo santana;(43) 98455-2876;Jacarezinho;;Eleitor;PR;-23.1619;-49.9694
Carlos Germano Binda;(43) 99622-4849;Jacarezinho;;Eleitor;PR;-23.1619;-49.9694
Carlos Lopes;(43) 99979-3166;Jacarezinho;;Eleitor;PR;-23.1619;-49.9694
CARLOS RICELLE LEAL;(41) 99687-4887;Jacarezinho;;Eleitor;PR;-23.1619;-49.9694
Carlos Roberto Costa;(43) 99921-3268;Jacarezinho;;Eleitor;PR;-23.1619;-49.9694
Cassia Eclecy Pimentel Rocha Faleiros;(43) 99981-6166;Jacarezinho;;Eleitor;PR;-23.1619;-49.9694
Claudecir Gois;(43) 99191-3488;Jacarezinho;;Eleitor;PR;-23.1619;-49.9694
Claudineia Aparecida de Medeiros;43998687101;Jacarezinho;;Eleitor;PR;-23.1619;-49.9694
Costa;(43) 99919-3922;Jacarezinho;;Eleitor;PR;-23.1619;-49.9694
Daiane Diniz Campos melo;(43) 9846-7551;Jacarezinho;;Eleitor;PR;-23.1619;-49.9694
Daiane Diniz Campos melo;(43) 98406-7551;Jacarezinho;;Eleitor;PR;-23.1619;-49.9694
Daiane Ribeiro Cândido da silva;(43) 99846-9944;Jacarezinho;;Eleitor;PR;-23.1619;-49.9694
Daiany Tironi Lima;(43) 99938-5542;Jacarezinho;;Eleitor;PR;-23.1619;-49.9694
Dalva R A Teixeira;(43) 99952-4550;Jacarezinho;;Eleitor;PR;-23.1619;-49.9694
Daniel Nicola de Oliveira;(43) 99603-5713;Jacarezinho;;Eleitor;PR;-23.1619;-49.9694
DANIEL ROCHA BACON;43991269013;Jacarezinho;;Eleitor;PR;-23.1619;-49.9694
Daniele Correia Vizioli Pavan;(43) 99630-5307;Jacarezinho;;Eleitor;PR;-23.1619;-49.9694
Danyllo da Costa;(43) 99619-1987;Jacarezinho;;Eleitor;PR;-23.1619;-49.9694
Darci caetano filho;(43) 99104-3361;Jacarezinho;;Eleitor;PR;-23.1619;-49.9694
David Santos;(14) 99885-6738;Jacarezinho;;Eleitor;PR;-23.1619;-49.9694
Debora Drabeski;(43) 99956-7024;Jacarezinho;;Eleitor;PR;-23.1619;-49.9694
Denis Sabiao Dos Santos;(43) 99970-2101;Jacarezinho;;Eleitor;PR;-23.1619;-49.9694
Diego Cóccia de Oliveira;(43) 98808-2756;Jacarezinho;;Eleitor;PR;-23.1619;-49.9694
Diego Henrique Pereira Chmiluk;(43) 98447-5437;Jacarezinho;;Eleitor;PR;-23.1619;-49.9694
Diego Teodoro;(43) 99109-8499;Jacarezinho;;Eleitor;PR;-23.1619;-49.9694
Diogo Augusto Biato Filho;(43) 99977-6352;Jacarezinho;;Eleitor;PR;-23.1619;-49.9694
Dorival de Souza;(43) 99161-1954;Jacarezinho;;Eleitor;PR;-23.1619;-49.9694
Douglas Henrique Fabe;(43) 99639-1631;Jacarezinho;;Eleitor;PR;-23.1619;-49.9694
Douglas Kalil neto;(43) 99962-8780;Jacarezinho;;Eleitor;PR;-23.1619;-49.9694
Eder Imara;43996096666;Jacarezinho;;Eleitor;PR;-23.1619;-49.9694
Edilson da Luz;(43) 99980-4069;Jacarezinho;;Eleitor;PR;-23.1619;-49.9694
Eduardo Américo Corrêa;(43) 99919-0703;Jacarezinho;;Eleitor;PR;-23.1619;-49.9694
EDUARDO SANTOS DIAS;(11) 98288-3671;Jacarezinho;;Eleitor;PR;-23.1619;-49.9694
Elizeu Gonçalves;43996897708;Jacarezinho;;Eleitor;PR;-23.1619;-49.9694
Emerson Belmiro;43999761362;Jacarezinho;;Eleitor;PR;-23.1619;-49.9694
EMERSON MARIANO DA ROCHA;(43) 99906-6063;Jacarezinho;;Eleitor;PR;-23.1619;-49.9694
Eneas dos Santos Brum Filho;(43) 98447-4717;Jacarezinho;;Eleitor;PR;-23.1619;-49.9694
EVERSON DIEGO PEREIRA;(43) 99154-4529;Jacarezinho;;Eleitor;PR;-23.1619;-49.9694
Fabiano Lopes;43999646112;Jacarezinho;;Eleitor;PR;-23.1619;-49.9694
Fabiano Possetti;(43) 99111-2946;Jacarezinho;;Eleitor;PR;-23.1619;-49.9694
Fabio Goscinscki;(43) 99992-9833;Jacarezinho;;Eleitor;PR;-23.1619;-49.9694
FABRIZIA PANICKI SFEIR;(43) 99615-5712;Jacarezinho;;Eleitor;PR;-23.1619;-49.9694
Fernandinho;(43) 99977-9711;Jacarezinho;;Eleitor;PR;-23.1619;-49.9694
Flávia Santos Da Silva Oliveira;(43) 9112-9075;Jacarezinho;;Eleitor;PR;-23.1619;-49.9694
Flávio Braga Filho;(41) 99639-5462;Jacarezinho;;Eleitor;PR;-23.1619;-49.9694
Flávio Henrique Gomes de Araujo;(43) 99974-7432;Jacarezinho;;Eleitor;PR;-23.1619;-49.9694
Franciele Baccon;(43) 99149-0497;Jacarezinho;;Eleitor;PR;-23.1619;-49.9694
Fulvio Boberg;(43) 99912-4222;Jacarezinho;;Eleitor;PR;-23.1619;-49.9694
Gabriel Rezende de Oliveira;(43) 99692-2298;Jacarezinho;;Eleitor;PR;-23.1619;-49.9694
Gabriel Santos de Oliveira;17988014844;Jacarezinho;;Eleitor;PR;-23.1619;-49.9694
Gabriela do Carmo Correia;(43) 99168-7958;Jacarezinho;;Eleitor;PR;-23.1619;-49.9694
Giovani Lima;4391654832;Jacarezinho;;Eleitor;PR;-23.1619;-49.9694
Giovanna Nicola;(43) 99862-5429;Jacarezinho;;Eleitor;PR;-23.1619;-49.9694
Guilherme Aphonso Gonçalves Ruiz;(14) 99806-1094;Jacarezinho;;Eleitor;PR;-23.1619;-49.9694
Gustavo Henrique Jespersen Teixeira;(43) 99964-3555;Jacarezinho;;Eleitor;PR;-23.1619;-49.9694
Gustavo Lopes Geribolla;(43) 99136-7963;Jacarezinho;;Eleitor;PR;-23.1619;-49.9694
Hiara Vitória de Oliveira;(43) 9113-9031;Jacarezinho;;Eleitor;PR;-23.1619;-49.9694
Homerinho;(43) 99977-7111;Jacarezinho;;Eleitor;PR;-23.1619;-49.9694
Igor toneti;43996430879;Jacarezinho;;Eleitor;PR;-23.1619;-49.9694
Isabel Cristina Cândido Melo;(43) 98434-3175;Jacarezinho;;Eleitor;PR;-23.1619;-49.9694
Ivair Carlos Fabe;(43) 99118-1833;Jacarezinho;;Eleitor;PR;-23.1619;-49.9694
Jair Do Posto;'+55 43 99190-4028;Jacarezinho;;Eleitor;PR;-23.1619;-49.9694
Jaketi;(43) 99695-6772;Jacarezinho;;Eleitor;PR;-23.1619;-49.9694
Jaqueline Bacinello;(43) 98431-3182;Jacarezinho;;Eleitor;PR;-23.1619;-49.9694
Jean Orlandini;(43) 99640-3353;Jacarezinho;;Eleitor;PR;-23.1619;-49.9694
Joao Paulo Batista;(43) 99971-9823;Jacarezinho;;Eleitor;PR;-23.1619;-49.9694
Joao Paulo de Andrade Junior;(43) 99141-8730;Jacarezinho;;Eleitor;PR;-23.1619;-49.9694
Joao Roberto Marchiorato Lupion Mello;(41) 98858-8421;Jacarezinho;;Eleitor;PR;-23.1619;-49.9694
Joaquim Baccon Geribolla;(43) 99177-7411;Jacarezinho;;Eleitor;PR;-23.1619;-49.9694
Joaquim Marcio de souza;(43) 99964-3306;Jacarezinho;;Eleitor;PR;-23.1619;-49.9694
Joel Quintino de Campos;43999779243;Jacarezinho;;Eleitor;PR;-23.1619;-49.9694
Jose Carlos Godoi;43996051464;Jacarezinho;;Eleitor;PR;-23.1619;-49.9694
Jose Gonçalves;(43) 99891-2673;Jacarezinho;;Eleitor;PR;-23.1619;-49.9694
Jose Gonçalves;(43) 99198-2673;Jacarezinho;;Eleitor;PR;-23.1619;-49.9694
José Antônio Franco;43999283802;Jacarezinho;;Eleitor;PR;-23.1619;-49.9694
José Izaias Gomes;(43) 99145-7187;Jacarezinho;;Eleitor;PR;-23.1619;-49.9694
José Renato Dall Stella Filho;(43) 99953-4057;Jacarezinho;;Eleitor;PR;-23.1619;-49.9694
José Roberto Souza de Assis;(43) 98453-1750;Jacarezinho;;Eleitor;PR;-23.1619;-49.9694
João Francisco Santos da Rocha Loures Filho;(43) 99611-8299;Jacarezinho;;Eleitor;PR;-23.1619;-49.9694
João Lucas;(43) 99840-1462;Jacarezinho;;Eleitor;PR;-23.1619;-49.9694
João Lucas Fabe;(43) 99138-6031;Jacarezinho;;Eleitor;PR;-23.1619;-49.9694
JOÃO PAULO CALOMENO;43999776802;Jacarezinho;;Eleitor;PR;-23.1619;-49.9694
João Vitor toneti;43998630765;Jacarezinho;;Eleitor;PR;-23.1619;-49.9694
Juliana Maria Gazella Pimentel;43991498270;Jacarezinho;;Eleitor;PR;-23.1619;-49.9694
Juliano Palhares;47991526464;Jacarezinho;;Eleitor;PR;-23.1619;-49.9694
Juliany Silva Alves Martins;(43) 9117-6584;Jacarezinho;;Eleitor;PR;-23.1619;-49.9694
Karina Dal Bianco;43991522905;Jacarezinho;;Eleitor;PR;-23.1619;-49.9694
Kiko Notícias;(43) 99928-6192;Jacarezinho;;Eleitor;PR;-23.1619;-49.9694
Larissa da Silva Oliveira;(43) 99978-5846;Jacarezinho;;Eleitor;PR;-23.1619;-49.9694
Larissa Vitória Souza de godoy;(43) 98835-9660;Jacarezinho;;Eleitor;PR;-23.1619;-49.9694
Laysa Ricobelo;(43) 99626-3970;Jacarezinho;;Eleitor;PR;-23.1619;-49.9694
Leandro;(43) 99843-2777;Jacarezinho;;Eleitor;PR;-23.1619;-49.9694
Leandro Bacon;(43) 99987-7632;Jacarezinho;;Eleitor;PR;-23.1619;-49.9694
Leila Denise de Souza;(43) 98463-0651;Jacarezinho;;Eleitor;PR;-23.1619;-49.9694
Leonardo Pompéia Coutinho;(43) 99977-0062;Jacarezinho;;Eleitor;PR;-23.1619;-49.9694
Lilian Triani Alves Rocha Loures;(43) 99351-9394;Jacarezinho;;Eleitor;PR;-23.1619;-49.9694
LISANDRO GALDINO DE SOUZA;(43) 99818-4083;Jacarezinho;;Eleitor;PR;-23.1619;-49.9694
Lucas Dechandt Ress;(43) 99988-9510;Jacarezinho;;Eleitor;PR;-23.1619;-49.9694
Lucas Fonseca;(43) 98816-5457;Jacarezinho;;Eleitor;PR;-23.1619;-49.9694
LUCIANA MOREIRA TENORIO;(43) 99630-6166;Jacarezinho;;Eleitor;PR;-23.1619;-49.9694
Luciane Ap. Alves;(43) 99165-7089;Jacarezinho;;Eleitor;PR;-23.1619;-49.9694
Luciano de Souza;(41) 99975-4305;Jacarezinho;;Eleitor;PR;-23.1619;-49.9694
Luciano V da Silva;(41) 99866-6505;Jacarezinho;;Eleitor;PR;-23.1619;-49.9694
Luciano Valerio da Silva;(41) 99866-6508;Jacarezinho;;Eleitor;PR;-23.1619;-49.9694
Luis Eduardo Lemes de Lima;(43) 99177-0986;Jacarezinho;;Eleitor;PR;-23.1619;-49.9694
Luiz Carlos do Nascimento;(43) 99977-8278;Jacarezinho;;Eleitor;PR;-23.1619;-49.9694
Luiz César rosa;(43) 99642-3113;Jacarezinho;;Eleitor;PR;-23.1619;-49.9694
Magda;(43) 99919-1900;Jacarezinho;;Eleitor;PR;-23.1619;-49.9694
Manoel Soares de Oliveira;(43) 99688-7489;Jacarezinho;;Eleitor;PR;-23.1619;-49.9694
Mara Pompeia Moreira Rehdeer;43999777101;Jacarezinho;;Eleitor;PR;-23.1619;-49.9694
Marcelo Palhares;(43) 98434-7311;Jacarezinho;;Eleitor;PR;-23.1619;-49.9694
Marcelo Pereira;(43) 99980-4271;Jacarezinho;;Eleitor;PR;-23.1619;-49.9694
Marcio José de Andrade;(43) 99910-2052;Jacarezinho;;Eleitor;PR;-23.1619;-49.9694
Marco Antônio Ramalho;43984184136;Jacarezinho;;Eleitor;PR;-23.1619;-49.9694
Marcos;(43) 99912-6886;Jacarezinho;;Eleitor;PR;-23.1619;-49.9694
Marcos Aparecido Ganzela;(43) 99154-6317;Jacarezinho;;Eleitor;PR;-23.1619;-49.9694
Marcos Junior de Oliveira;(43) 99903-2589;Jacarezinho;;Eleitor;PR;-23.1619;-49.9694
Marcos Vinicius;(43) 99932-1131;Jacarezinho;;Eleitor;PR;-23.1619;-49.9694
Marcus Leandro da Silva;(43) 99961-0165;Jacarezinho;;Eleitor;PR;-23.1619;-49.9694
Maria Carolina ortiz;43996531735;Jacarezinho;;Eleitor;PR;-23.1619;-49.9694
Maria Judite de Paula;43998353268;Jacarezinho;;Eleitor;PR;-23.1619;-49.9694
Maria Lavínia Correia da Silva;(43) 99156-2164;Jacarezinho;;Eleitor;PR;-23.1619;-49.9694
Maria Luiza Boberg;'+55 43 99964-3882;Jacarezinho;;Eleitor;PR;-23.1619;-49.9694
Maria Rosilde Coccia de Oliveira;(43) 99900-5599;Jacarezinho;;Eleitor;PR;-23.1619;-49.9694
Mariana Carvalho Eduardo da Silva;(11) 99694-1599;Jacarezinho;;Eleitor;PR;-23.1619;-49.9694
Mariana Sales;'+55 43 99967-7270;Jacarezinho;;Eleitor;PR;-23.1619;-49.9694
Marilia;(43) 99912-4647;Jacarezinho;;Eleitor;PR;-23.1619;-49.9694
Marisa Da silva eduardo;(43) 99692-5289;Jacarezinho;;Eleitor;PR;-23.1619;-49.9694
Marya Alyce Dos santos batista manfré;(43) 99154-0504;Jacarezinho;;Eleitor;PR;-23.1619;-49.9694
Marília Amaral Jespersen Lupion Mello;(43) 99982-4647;Jacarezinho;;Eleitor;PR;-23.1619;-49.9694
Matheus de Souza Silva;(43) 99667-7101;Jacarezinho;;Eleitor;PR;-23.1619;-49.9694
Matheus Vizioli Pavan;(43) 99916-8997;Jacarezinho;;Eleitor;PR;-23.1619;-49.9694
Mauro Sérgio Duarte;(43) 99173-8752;Jacarezinho;;Eleitor;PR;-23.1619;-49.9694
Maykel ferreira Daniel;(43) 99184-3602;Jacarezinho;;Eleitor;PR;-23.1619;-49.9694
Naira Rezende;(42) 99930-4564;Jacarezinho;;Eleitor;PR;-23.1619;-49.9694
Naira Vitória de Oliveira;(43) 8486-3735;Jacarezinho;;Eleitor;PR;-23.1619;-49.9694
Nelson Cardoso;(43) 99977-7143;Jacarezinho;;Eleitor;PR;-23.1619;-49.9694
Nelson Toloto;(43) 99937-5364;Jacarezinho;;Eleitor;PR;-23.1619;-49.9694
Nilson José Correa;(41) 99842-9905;Jacarezinho;;Eleitor;PR;-23.1619;-49.9694
Nilton José de Sousa;(43) 98437-3060;Jacarezinho;;Eleitor;PR;-23.1619;-49.9694
Nisia Camargo Caetano Di Nizo Fantinelli;(43) 99645-7789;Jacarezinho;;Eleitor;PR;-23.1619;-49.9694
Noira Carolina Fernandes;(43) 99146-9098;Jacarezinho;;Eleitor;PR;-23.1619;-49.9694
Patricia Martoni;(43) 99640-2349;Jacarezinho;;Eleitor;PR;-23.1619;-49.9694
Patricia Roberta Vicente Binda;(43) 99622-4848;Jacarezinho;;Eleitor;PR;-23.1619;-49.9694
Paula Ariadini Triani Alves Rocha Loures;(43) 99842-6677;Jacarezinho;;Eleitor;PR;-23.1619;-49.9694
Paulo Guilherme Liberto;(43) 99977-9215;Jacarezinho;;Eleitor;PR;-23.1619;-49.9694
Paulo Marcos Tissot;(41) 99755-3266;Jacarezinho;;Eleitor;PR;-23.1619;-49.9694
Paulo Robson Pereira;(43) 99641-8955;Jacarezinho;;Eleitor;PR;-23.1619;-49.9694
Pedro Antônio Triani Alves Rocha Loures;(43) 99967-6694;Jacarezinho;;Eleitor;PR;-23.1619;-49.9694
Peninha;'+55 43 99959-5515;Jacarezinho;;Eleitor;PR;-23.1619;-49.9694
Piske;(43) 99970-1334;Jacarezinho;;Eleitor;PR;-23.1619;-49.9694
Polyana Lopes;43999902140;Jacarezinho;;Eleitor;PR;-23.1619;-49.9694
Priscila Rossito;(43) 99626-8247;Jacarezinho;;Eleitor;PR;-23.1619;-49.9694
Pérola Pompéia Coutinho;(43) 99900-4330;Jacarezinho;;Eleitor;PR;-23.1619;-49.9694
Rafael Pc;'+55 43 98816-6699;Jacarezinho;;Eleitor;PR;-23.1619;-49.9694
Rafael Ragulo;(41) 99803-1554;Jacarezinho;;Eleitor;PR;-23.1619;-49.9694
Rafael tufanini;43999302993;Jacarezinho;;Eleitor;PR;-23.1619;-49.9694
Rafaela Gomes da Silva;(43) 99953-6063;Jacarezinho;;Eleitor;PR;-23.1619;-49.9694
Rai Djebel Guandelini;(43) 99906-3402;Jacarezinho;;Eleitor;PR;-23.1619;-49.9694
Renan de Souza Costa;(43) 9680-5235;Jacarezinho;;Eleitor;PR;-23.1619;-49.9694
Renata de Paula Belmiro;43991405966;Jacarezinho;;Eleitor;PR;-23.1619;-49.9694
Renata Neto Cardoso;43996095841;Jacarezinho;;Eleitor;PR;-23.1619;-49.9694
Rodrigo Paris;(18) 99747-7441;Jacarezinho;;Eleitor;PR;-23.1619;-49.9694
Rodrigo tonet;(43) 99965-3703;Jacarezinho;;Eleitor;PR;-23.1619;-49.9694
Ronaldo de Oliveira Pascoal;(43) 99977-0534;Jacarezinho;;Eleitor;PR;-23.1619;-49.9694
Ronie Prado Lopes;(43) 99956-7820;Jacarezinho;;Eleitor;PR;-23.1619;-49.9694
Rosa;'+55 43 99618-9088;Jacarezinho;;Eleitor;PR;-23.1619;-49.9694
Rosana Mary Origa;(43) 98806-6419;Jacarezinho;;Eleitor;PR;-23.1619;-49.9694
ROSIMEIRE GONCALVES MANOEL;(43) 98427-5348;Jacarezinho;;Eleitor;PR;-23.1619;-49.9694
Rosirene Caetano;(43) 99161-2040;Jacarezinho;;Eleitor;PR;-23.1619;-49.9694
ROSIRLEI CARAPINA DE SOUZA;(43) 99804-9196;Jacarezinho;;Eleitor;PR;-23.1619;-49.9694
Sandra da Silva Guilherme;(43) 99665-5566;Jacarezinho;;Eleitor;PR;-23.1619;-49.9694
Sebastião Geraldo da Silva;(43) 99642-9355;Jacarezinho;;Eleitor;PR;-23.1619;-49.9694
Silvana;(43) 99663-1085;Jacarezinho;;Eleitor;PR;-23.1619;-49.9694
Sub. Vanderlei;(43) 99914-9793;Jacarezinho;;Eleitor;PR;-23.1619;-49.9694
Sérgio Faria;(43) 99195-8429;Jacarezinho;;Eleitor;PR;-23.1619;-49.9694
Tathienne Bassinelo;(43) 98862-0821;Jacarezinho;;Eleitor;PR;-23.1619;-49.9694
Tatiane Paulina de souza;(43) 98839-2511;Jacarezinho;;Eleitor;PR;-23.1619;-49.9694
Thais Paschoal;(43) 99694-5788;Jacarezinho;;Eleitor;PR;-23.1619;-49.9694
Thayla Eduardo;(43) 99634-7337;Jacarezinho;;Eleitor;PR;-23.1619;-49.9694
Thayna Eduardo;(43) 99981-7344;Jacarezinho;;Eleitor;PR;-23.1619;-49.9694
Thiago Fernandes;(43) 98459-3190;Jacarezinho;;Eleitor;PR;-23.1619;-49.9694
Thiago Fernandes Berocano;(43) 99869-4985;Jacarezinho;;Eleitor;PR;-23.1619;-49.9694
Thiago Ferrari;(43) 99171-7707;Jacarezinho;;Eleitor;PR;-23.1619;-49.9694
Thiago Rosa Féder;43996978637;Jacarezinho;;Eleitor;PR;-23.1619;-49.9694
Thomáz Correia Vizioli Pavan;(43) 99821-5607;Jacarezinho;;Eleitor;PR;-23.1619;-49.9694
Tiago José Santana;(43) 99619-0547;Jacarezinho;;Eleitor;PR;-23.1619;-49.9694
Valdir pereira Maldonado;(43) 99848-6972;Jacarezinho;;Eleitor;PR;-23.1619;-49.9694
Vanderlei de Oliveira;(43) 9650-2937;Jacarezinho;;Eleitor;PR;-23.1619;-49.9694
VANDERLEI PEREIRA DE SOUZA;(55) 43999-1497;Jacarezinho;;Eleitor;PR;-23.1619;-49.9694
Veronica da Luz;43991978296;Jacarezinho;;Eleitor;PR;-23.1619;-49.9694
Vinicius de Paula;43998028856;Jacarezinho;;Eleitor;PR;-23.1619;-49.9694
Vinicius Zanet;43991408111;Jacarezinho;;Eleitor;PR;-23.1619;-49.9694
Vinícius de Paula Luz;43988028856;Jacarezinho;;Eleitor;PR;-23.1619;-49.9694
Vitalino Albino Toledo;43988384222;Jacarezinho;;Eleitor;PR;-23.1619;-49.9694
Walter Carvalho Filho;(43) 99179-0312;Jacarezinho;;Eleitor;PR;-23.1619;-49.9694
Wellington moreirada silva;(43) 99195-2966;Jacarezinho;;Eleitor;PR;-23.1619;-49.9694
William;(43) 99926-3758;Jacarezinho;;Eleitor;PR;-23.1619;-49.9694
Wilson Ferreira;(43) 99610-5643;Jacarezinho;;Eleitor;PR;-23.1619;-49.9694
Alexandra Regina Medeiros;(43) 99846-1255;Jaguapitã;;Eleitor;PR;-23.1122;-51.5331
Alexilda Balconi;(43) 99953-2264;Jaguapitã;;Eleitor;PR;-23.1122;-51.5331
Ana Francisca Mendes Balconi;(43) 99833-5283;Jaguapitã;;Eleitor;PR;-23.1122;-51.5331
Caroline Maria Gutierrez;(43) 99160-8567;Jaguapitã;;Eleitor;PR;-23.1122;-51.5331
Gustavo Balconi;(43) 99972-2992;Jaguapitã;;Eleitor;PR;-23.1122;-51.5331
Jessica Miguel da Silva;(43) 99813-6400;Jaguapitã;;Eleitor;PR;-23.1122;-51.5331
João Bortolassi;(43) 99122-3436;Jaguapitã;;Eleitor;PR;-23.1122;-51.5331
Luan Almeida Costa;(43) 99905-1969;Jaguapitã;;Eleitor;PR;-23.1122;-51.5331
Lucas Domingues da Silva;(43) 99690-0738;Jaguapitã;;Eleitor;PR;-23.1122;-51.5331
Maitê Balconi;(43) 99166-7921;Jaguapitã;;Eleitor;PR;-23.1122;-51.5331
MANOEL DELFINO ROSA NETO;(43) 99117-9875;Jaguapitã;;Eleitor;PR;-23.1122;-51.5331
Patricia Kelly do Nascimento Rosa;(43) 99986-2070;Jaguapitã;;Eleitor;PR;-23.1122;-51.5331
Rafaelle Maria Gutierrez;(43) 99101-2570;Jaguapitã;;Eleitor;PR;-23.1122;-51.5331
Rodolpho Pizolato;(43) 99607-2608;Jaguapitã;;Eleitor;PR;-23.1122;-51.5331
Samuel do Nascimento Rosa;(43) 99165-6817;Jaguapitã;;Eleitor;PR;-23.1122;-51.5331
Silvia Rodrigues;(43) 99976-5406;Jaguapitã;;Eleitor;PR;-23.1122;-51.5331
Tatiane Anunciação Nunes;(43) 99814-9298;Jaguapitã;;Eleitor;PR;-23.1122;-51.5331
Vitinho;(43) 98857-8330;Jaguapitã;;Eleitor;PR;-23.1122;-51.5331
Wilson Correia Neto;(43) 99987-3555;Jaguapitã;;Eleitor;PR;-23.1122;-51.5331
Acir Antonio dos Santos;43999367948;Jaguariaíva;;Eleitor;PR;-24.2444;-49.7061
Adilson passos Felix;(43) 99650-5191;Jaguariaíva;;Eleitor;PR;-24.2444;-49.7061
Ailton Leal Garça;(43) 99669-2810;Jaguariaíva;;Eleitor;PR;-24.2444;-49.7061
Annita Ferreira Fontana;(43) 99916-6403;Jaguariaíva;;Eleitor;PR;-24.2444;-49.7061
Braion Henrique dos Santos;(43) 99657-6959;Jaguariaíva;;Eleitor;PR;-24.2444;-49.7061
Bruno Henrique Rodrigues;(43) 99831-5038;Jaguariaíva;;Eleitor;PR;-24.2444;-49.7061
Césio Gruski;(43) 99844-4984;Jaguariaíva;;Eleitor;PR;-24.2444;-49.7061
Edson Antonio Balloni;(43) 99979-0498;Jaguariaíva;;Eleitor;PR;-24.2444;-49.7061
Eliane da Silva Ferrerira;43996060638;Jaguariaíva;;Eleitor;PR;-24.2444;-49.7061
Eliel Mendes Sales;43996410502;Jaguariaíva;;Eleitor;PR;-24.2444;-49.7061
Ezequiel Domingues;43991519382;Jaguariaíva;;Eleitor;PR;-24.2444;-49.7061
Fabiano José Baptista;(43) 99979-2838;Jaguariaíva;;Eleitor;PR;-24.2444;-49.7061
Gabriel Baptista;(43) 99903-9648;Jaguariaíva;;Eleitor;PR;-24.2444;-49.7061
Gabriel Sales;43988712013;Jaguariaíva;;Eleitor;PR;-24.2444;-49.7061
Gumercindo athayde;43999820698;Jaguariaíva;;Eleitor;PR;-24.2444;-49.7061
Hercilia Teixeira de Mello;4398488630;Jaguariaíva;;Eleitor;PR;-24.2444;-49.7061
Homero Sampaio Baitala de Oliveira;(43) 99983-6260;Jaguariaíva;;Eleitor;PR;-24.2444;-49.7061
Jairo Félix da Silva;43999807614;Jaguariaíva;;Eleitor;PR;-24.2444;-49.7061
Jose Luiz Da Fonseca Pereira;(42) 99940-4780;Jaguariaíva;;Eleitor;PR;-24.2444;-49.7061
Jose Sloboda;(43) 99658-9272;Jaguariaíva;;Eleitor;PR;-24.2444;-49.7061
Joseane Sales;4399372421;Jaguariaíva;;Eleitor;PR;-24.2444;-49.7061
José Luiz dos Santos;43996200345;Jaguariaíva;;Eleitor;PR;-24.2444;-49.7061
João Marcio Alves da Silva;(43) 99815-2093;Jaguariaíva;;Eleitor;PR;-24.2444;-49.7061
Juliano Santos;(43) 99805-9828;Jaguariaíva;;Eleitor;PR;-24.2444;-49.7061
Karina da Cunha Ferreira Fontana;(43) 99915-0003;Jaguariaíva;;Eleitor;PR;-24.2444;-49.7061
Lucas Labres da SIlva;43996576061;Jaguariaíva;;Eleitor;PR;-24.2444;-49.7061
Luiz Antônio Munhoz da Cunha;(41) 99995-3175;Jaguariaíva;;Eleitor;PR;-24.2444;-49.7061
Luiz augusto ribeiro Franco;(43) 99631-5026;Jaguariaíva;;Eleitor;PR;-24.2444;-49.7061
Marcelo Egea Pereira;43999267678;Jaguariaíva;;Eleitor;PR;-24.2444;-49.7061
Marcos Antônio Betenheuser;(43) 99638-6460;Jaguariaíva;;Eleitor;PR;-24.2444;-49.7061
Marcos José Legat;(43) 99951-4421;Jaguariaíva;;Eleitor;PR;-24.2444;-49.7061
Marcílio Araújo Motta Junior;(43) 99682-1919;Jaguariaíva;;Eleitor;PR;-24.2444;-49.7061
Marilia Rodrigues;'+55 43 99871-6175;Jaguariaíva;;Eleitor;PR;-24.2444;-49.7061
Mario thome;43996085626;Jaguariaíva;;Eleitor;PR;-24.2444;-49.7061
Marlus Pererira;43999655402;Jaguariaíva;;Eleitor;PR;-24.2444;-49.7061
ORLANDO PASSOS BARRETO;42999611470;Jaguariaíva;;Eleitor;PR;-24.2444;-49.7061
Otavio Melo;(43) 99690-9452;Jaguariaíva;;Eleitor;PR;-24.2444;-49.7061
Pedro;'+55 43 99919-1810;Jaguariaíva;;Eleitor;PR;-24.2444;-49.7061
Reginaldo Cheirubim -;'+55 43 99601-5533;Jaguariaíva;;Eleitor;PR;-24.2444;-49.7061
Reginaldo Faria Bueno;43999605224;Jaguariaíva;;Eleitor;PR;-24.2444;-49.7061
Reginaldo Lopes da Cruz;(15) 98160-0378;Jaguariaíva;;Eleitor;PR;-24.2444;-49.7061
Ronaldo Santos;43996709406;Jaguariaíva;;Eleitor;PR;-24.2444;-49.7061
Tiago Fontana;(43) 99938-6933;Jaguariaíva;;Eleitor;PR;-24.2444;-49.7061
Valdemir Ferreia;43999025710;Jaguariaíva;;Eleitor;PR;-24.2444;-49.7061
Carlos Alexandre de Lima;(43) 99674-8589;Japira;;Eleitor;PR;-23.8125;-50.1414
Caroline Pereira Silva e maia;(43) 99963-6580;Japira;;Eleitor;PR;-23.8125;-50.1414
Celso;(43) 99906-3746;Japira;;Eleitor;PR;-23.8125;-50.1414
Celso Batista da Silva;(43) 99963-1291;Japira;;Eleitor;PR;-23.8125;-50.1414
Joel;(43) 99183-0144;Japira;;Eleitor;PR;-23.8125;-50.1414
João Donizete de Cavalho;(43) 99126-1718;Japira;;Eleitor;PR;-23.8125;-50.1414
Lauro;(43) 99159-5813;Japira;;Eleitor;PR;-23.8125;-50.1414
Marcos;'+55 43 99831-9047;Japira;;Eleitor;PR;-23.8125;-50.1414
Eclair;(66) 98105-7441;Jundiaí do Sul;;Eleitor;PR;-23.4347;-50.2508
Eclair Rauen;(43) 99841-4620;Jundiaí do Sul;;Eleitor;PR;-23.4347;-50.2508
Silvana Rauen;(43) 99960-2166;Jundiaí do Sul;;Eleitor;PR;-23.4347;-50.2508
Ivonei Gomes;(45) 99960-2451;Juranda;;Eleitor;PR;-24.4206;-52.8406
Joelma Damasceno Demeneck;44-99987-7997;Juranda;;Eleitor;PR;-24.4206;-52.8406
Leila Miotto Amadei;(44) 99139-0682;Juranda;;Eleitor;PR;-24.4206;-52.8406
Ligia Perri Sind Rural;'+55 44 99949-5589;Juranda;;Eleitor;PR;-24.4206;-52.8406
Lisandra Cristina de Melo;(44) 99981-3514;Juranda;;Eleitor;PR;-24.4206;-52.8406
Mara Cristiana Carnielli;(44) 9959-5421;Juranda;;Eleitor;PR;-24.4206;-52.8406
Olacir Fedosi;44 9874-9020;Juranda;;Eleitor;PR;-24.4206;-52.8406
Acyr Hoffmann;41-98737-1768;Lapa;;Eleitor;PR;-25.7697;-49.7153
André Rezende Cherubini;41-99803-9094;Lapa;;Eleitor;PR;-25.7697;-49.7153
Lucas Kasburg;(41) 98821-9376;Lapa;;Eleitor;PR;-25.7697;-49.7153
Luiz Roberto Baggio;(41) 98857-6933;Lapa;;Eleitor;PR;-25.7697;-49.7153
Severino Giacomel;(41) 99229-9485;Lapa;;Eleitor;PR;-25.7697;-49.7153
Tatiane Figura;(41) 99866-2093;Lapa;;Eleitor;PR;-25.7697;-49.7153
Tony Antunes;(41) 98831-0276;Lapa;;Eleitor;PR;-25.7697;-49.7153
Vilmar Opalinski;(41) 98716-2946;Lapa;;Eleitor;PR;-25.7697;-49.7153
Eliseu Fernando Telli;(41) 9970-0972;Laranjeiras do Sul;;Eleitor;PR;-25.4078;-52.4111
Fábio Borsoi;42-99977-5874;Laranjeiras do Sul;;Eleitor;PR;-25.4078;-52.4111
Leopoldo Linhares Marochi;'+55 42 99104-2797;Laranjeiras do Sul;;Eleitor;PR;-25.4078;-52.4111
Maristela Hikishima;'+55 42 99900-0949;Laranjeiras do Sul;;Eleitor;PR;-25.4078;-52.4111
Aulo;'+55 44 99144-1010;Loanda;;Eleitor;PR;-22.9231;-53.1356
Pedrinho Teodoro;'+55 44 99832-0162;Loanda;;Eleitor;PR;-22.9231;-53.1356
Afranio Eduardo Rossi Brandão;(43) 99994-6783;Londrina;;Eleitor;PR;-23.3045;-51.1696
ALCEBIADES ALVES FILHO;(43) 98873-5627;Londrina;;Eleitor;PR;-23.3045;-51.1696
Alexandre Kiref;'+554399916120;Londrina;;Eleitor;PR;-23.3045;-51.1696
Antonio Sampaio;(43) 99938-4294;Londrina;;Eleitor;PR;-23.3045;-51.1696
Camila Garcia Cid;11998813021;Londrina;;Eleitor;PR;-23.3045;-51.1696
Cris Cordeiro;'+55 43 99810-1084;Londrina;;Eleitor;PR;-23.3045;-51.1696
Fabrício Pires Bianchi;(43) 99928-4106;Londrina;;Eleitor;PR;-23.3045;-51.1696
Fernanda Garcia Cid;43991067405;Londrina;;Eleitor;PR;-23.3045;-51.1696
Fernando Kireeff;(11) 91258-3532;Londrina;;Eleitor;PR;-23.3045;-51.1696
Gabriel Garcia Cid;(43) 99971-3338;Londrina;;Eleitor;PR;-23.3045;-51.1696
Gabriel Sakai Marques;(43) 99164-9947;Londrina;;Eleitor;PR;-23.3045;-51.1696
Ilson romanelli;(43) 99994-5169;Londrina;;Eleitor;PR;-23.3045;-51.1696
João Francisco Sanches Filho;(43) 99168-7180;Londrina;;Eleitor;PR;-23.3045;-51.1696
Marcelo Volpe Peluso;(43) 99951-9108;Londrina;;Eleitor;PR;-23.3045;-51.1696
Maria Fernanda Garcia Cid Torres;43991828828;Londrina;;Eleitor;PR;-23.3045;-51.1696
Maria Fernanda Messagi;(41) 99921-9874;Londrina;;Eleitor;PR;-23.3045;-51.1696
Monica Eliza andrade;(14) 99777-1099;Londrina;;Eleitor;PR;-23.3045;-51.1696
Paulo Wolfgang Seehagen;(43) 99643-1131;Londrina;;Eleitor;PR;-23.3045;-51.1696
Pedro Baggio Neto;(43) 99975-0072;Londrina;;Eleitor;PR;-23.3045;-51.1696
Rafaela Aiex Parra;(43) 98801-8296;Londrina;;Eleitor;PR;-23.3045;-51.1696
Renato Augusto Dias;(43) 99977-7897;Londrina;;Eleitor;PR;-23.3045;-51.1696
Roberto Dias;(43) 99980-7890;Londrina;;Eleitor;PR;-23.3045;-51.1696
Romeu Karam Adv;'+55 41 99822-5800;Londrina;;Eleitor;PR;-23.3045;-51.1696
Sebastiao da Silva Ferreira;(43) 99918-0155;Londrina;;Eleitor;PR;-23.3045;-51.1696
Alberto Chedid;(43) 98855-4920;Lupionópolis;;Eleitor;PR;-22.7536;-51.6617
Claudinei Bregondi;43 9151-0593;Lupionópolis;;Eleitor;PR;-22.7536;-51.6617
Elias Rangel;(43) 8822-3963;Lupionópolis;;Eleitor;PR;-22.7536;-51.6617
José Antônio Gerônimo;(43) 98825-2929;Lupionópolis;;Eleitor;PR;-22.7536;-51.6617
José Carlos Tibério;43-99139-7532;Lupionópolis;;Eleitor;PR;-22.7536;-51.6617
Juliano Ricardo Tiberio;(43) 8805-0480;Lupionópolis;;Eleitor;PR;-22.7536;-51.6617
Rafaela Clebis Santos;(43) 98840-4235;Lupionópolis;;Eleitor;PR;-22.7536;-51.6617
Marcelo Alberton;(43) 99971-7179;Manoel Ribas;;Eleitor;PR;-24.5139;-51.6697
Tarcizio Walecki;(43) 99902-2042;Manoel Ribas;;Eleitor;PR;-24.5139;-51.6697
Valdirene Rodrigues;43-98408-5110;Manoel Ribas;;Eleitor;PR;-24.5139;-51.6697
Walter Donini;(43) 99846-2610;Manoel Ribas;;Eleitor;PR;-24.5139;-51.6697
Clube de tiro CT Marechal SCHUH;(45) 99951-8112;Marechal Cândido Rondon;;Eleitor;PR;-24.5558;-54.0558
Lindalvo;'+55 44 99973-1232;Marialva;;Eleitor;PR;-23.4847;-51.7931
Aquiles Takeda Filho;(43) 99638-0474;Marilândia do Sul;;Eleitor;PR;-23.7458;-51.3117
Ivonei - Vice Marilandia Sul;'+55 43 99615-8182;Marilândia do Sul;;Eleitor;PR;-23.7458;-51.3117
Joeli Gomes Damasco;(43) 99912-8953;Marilândia do Sul;;Eleitor;PR;-23.7458;-51.3117
Jucelino Geraldo Vilaça;(43) 98816-1101;Marilândia do Sul;;Eleitor;PR;-23.7458;-51.3117
Ciliomar Tortola;(44) 99911-5048;Maringá;;Eleitor;PR;-23.4205;-51.9333
Daniel M. Feio Ribeiro;'+55 44 99964-1919;Maringá;;Eleitor;PR;-23.4205;-51.9333
Henrique Pinto;'+55 44 99914-1919;Maringá;;Eleitor;PR;-23.4205;-51.9333
Junior Edenir Trevisoli;'+55 44 99964-2653;Maringá;;Eleitor;PR;-23.4205;-51.9333
Roseli De Fatima Celestino;'+55 44 98827-2001;Maringá;;Eleitor;PR;-23.4205;-51.9333
Silvio Barros;'+55 44 99118-0867;Maringá;;Eleitor;PR;-23.4205;-51.9333
Luiz Carniel;46-99916-2543;Marmeleiro;;Eleitor;PR;-26.1478;-53.0278
Mauro Aparecido dos Santos;(43) 99147-5545;Marumbi;;Eleitor;PR;-23.705;-51.6378
André Yokota;(43) 99180-6060;Mauá da Serra;;Eleitor;PR;-23.9;-51.2247
Antonio Batista de Macedo;(43) 99915-8803;Mauá da Serra;;Eleitor;PR;-23.9;-51.2247
Antonio Batista de Macedo neto;(43) 99875-6046;Mauá da Serra;;Eleitor;PR;-23.9;-51.2247
Diego Antunes Ribeiro;43996187422;Mauá da Serra;;Eleitor;PR;-23.9;-51.2247
Domingos sirineu Soares de Oliveira;43999239179;Mauá da Serra;;Eleitor;PR;-23.9;-51.2247
Eder;(43) 98814-9790;Mauá da Serra;;Eleitor;PR;-23.9;-51.2247
Edson Rosa;(43) 98818-7955;Mauá da Serra;;Eleitor;PR;-23.9;-51.2247
Frantiesco carneiro gomes;(43) 99679-0028;Mauá da Serra;;Eleitor;PR;-23.9;-51.2247
Gustavo Henrique Correia de Almeida;(43) 99915-2666;Mauá da Serra;;Eleitor;PR;-23.9;-51.2247
Helena fattori de Oliveira;43999239183;Mauá da Serra;;Eleitor;PR;-23.9;-51.2247
Hermes Wicthoff;(43) 99620-6005;Mauá da Serra;;Eleitor;PR;-23.9;-51.2247
Jerônimo Alcantara;(43) 99673-8777;Mauá da Serra;;Eleitor;PR;-23.9;-51.2247
Jorge;(43) 99901-4339;Mauá da Serra;;Eleitor;PR;-23.9;-51.2247
Leonardo Wellington de Oliveira;43 99615-3585;Mauá da Serra;;Eleitor;PR;-23.9;-51.2247
Luciano Roberto Pinto;43-99645-6846;Mauá da Serra;;Eleitor;PR;-23.9;-51.2247
Marcos;(11) 98211-5767;Mauá da Serra;;Eleitor;PR;-23.9;-51.2247
Márcio Dias de Oliveira;(43) 99987-2999;Mauá da Serra;;Eleitor;PR;-23.9;-51.2247
Nelson bonin Gonçalves;43996209186;Mauá da Serra;;Eleitor;PR;-23.9;-51.2247
Nelson Granada;(43) 99921-9063;Mauá da Serra;;Eleitor;PR;-23.9;-51.2247
Rafael Henrique Miranda de Lima Cordeiro;(43) 99960-7746;Mauá da Serra;;Eleitor;PR;-23.9;-51.2247
Suzelaine Cristina De Oliveira Bonfim;(42) 99910-5457;Mauá da Serra;;Eleitor;PR;-23.9;-51.2247
Sérgio Higashibara;(43) 99921-7979;Mauá da Serra;;Eleitor;PR;-23.9;-51.2247
Tânia Macedo;(43) 99984-5742;Mauá da Serra;;Eleitor;PR;-23.9;-51.2247
Aninha Santos Lima;(45) 99993-5006;Medianeira;;Eleitor;PR;-25.2975;-54.0936
Michael Barreto Lima;(45) 99993-9301;Medianeira;;Eleitor;PR;-25.2975;-54.0936
Anderson Hubner;(45) 99967-0101;Mercedes;;Eleitor;PR;-24.4542;-54.1608
Ramiro Cechelero;(45) 98829-9792;Mercedes;;Eleitor;PR;-24.4542;-54.1608
Kelly Bittencourt;'+55 45 99822-2575;Nova Aurora;;Eleitor;PR;-24.5294;-53.2564
nei Goncalves;'+55 45 98808-3474;Nova Aurora;;Eleitor;PR;-24.5294;-53.2564
Veronica Martine;'+55 44 99924-3993;Nova Esperança;;Eleitor;PR;-23.1822;-52.205
Alvaro Augusto de Mello Peixoto;(43) 99975-0432;Nova Fátima;;Eleitor;PR;-23.4331;-50.5678
LAVINIA de MELLO PEIXOTO;(43) 99952-6052;Nova Fátima;;Eleitor;PR;-23.4331;-50.5678
Mortinho;43-99958-9237;Nova Fátima;;Eleitor;PR;-23.4331;-50.5678
Michelly Pavanello;(43) 99662-5750;Nova Londrina;;Eleitor;PR;-22.7658;-52.9869
Miguel Rubens Tranin;(44) 99809-3333;Nova Londrina;;Eleitor;PR;-22.7658;-52.9869
Eduardo Araújo;(43) 99134-5558;Nova Santa Bárbara;;Eleitor;PR;-23.5928;-50.7536
Lucio Alberto Dos Reis;(43) 99121-3918;Nova Santa Bárbara;;Eleitor;PR;-23.5928;-50.7536
SERGIO GOMES FERREIRA;(43) 99119-7939;Nova Santa Bárbara;;Eleitor;PR;-23.5928;-50.7536
Wallison Matheus Sampaio;(43) 99139-0696;Nova Santa Bárbara;;Eleitor;PR;-23.5928;-50.7536
Helder lourencine;(43) 99974-5623;Novo Itacolomi;;Eleitor;PR;-23.7639;-51.5067
Jesuel de Oliveira;(43) 99937-1876;Novo Itacolomi;;Eleitor;PR;-23.7639;-51.5067
Jonas Valente de Oliveira;(43) 99989-8443;Novo Itacolomi;;Eleitor;PR;-23.7639;-51.5067
Maria lima Pereira de Oliveira;(43) 99935-8642;Novo Itacolomi;;Eleitor;PR;-23.7639;-51.5067
Alexandre José Moraes;(42) 99921-6714;Ortigueira;;Eleitor;PR;-24.2053;-50.9478
Alvaro Mattos;(42) 99931-5486;Ortigueira;;Eleitor;PR;-24.2053;-50.9478
Antonio Assis Dos Santos;(41) 99531-3185;Ortigueira;;Eleitor;PR;-24.2053;-50.9478
Antônio Cezar de Oliveira Farias Júnior;(42) 99917-6680;Ortigueira;;Eleitor;PR;-24.2053;-50.9478
Ariel Cionek;(42) 98851-1123;Ortigueira;;Eleitor;PR;-24.2053;-50.9478
Ary de Oliveira Mattos;42-98804-1031;Ortigueira;;Eleitor;PR;-24.2053;-50.9478
Cenira Carneiro Izidoro dos Santos;(42) 99932-0937;Ortigueira;;Eleitor;PR;-24.2053;-50.9478
Claudemir Carneiro (professor Cláudio);(42) 99931-5757;Ortigueira;;Eleitor;PR;-24.2053;-50.9478
Cleverson Soares;(42) 99975-8836;Ortigueira;;Eleitor;PR;-24.2053;-50.9478
Daniel Santos;(42) 99842-3536;Ortigueira;;Eleitor;PR;-24.2053;-50.9478
Denilso Batista Silva;(42) 98815-3975;Ortigueira;;Eleitor;PR;-24.2053;-50.9478
Eliezer Cunha Ribas;42-99964-6164;Ortigueira;;Eleitor;PR;-24.2053;-50.9478
Eliezer Cunha Ribas;42999773647;Ortigueira;;Eleitor;PR;-24.2053;-50.9478
Eneias Maichuki de Souza;(42) 98852-4487;Ortigueira;;Eleitor;PR;-24.2053;-50.9478
Fernando Rodrigues de Souza;(42) 99945-9028;Ortigueira;;Eleitor;PR;-24.2053;-50.9478
Geovani C. da Silva;(42) 98871-7391;Ortigueira;;Eleitor;PR;-24.2053;-50.9478
GILSON BENEVENUTO PROENÇA DE MEIRA;(42) 98891-4660;Ortigueira;;Eleitor;PR;-24.2053;-50.9478
Gilson Vinutti;43-99188-1900;Ortigueira;;Eleitor;PR;-24.2053;-50.9478
Jairo;(42) 98823-7146;Ortigueira;;Eleitor;PR;-24.2053;-50.9478
Jessica Carla Carneiro;(42) 99936-5210;Ortigueira;;Eleitor;PR;-24.2053;-50.9478
Jhonatan Guilherme C. Ferreira;(42) 99920-2525;Ortigueira;;Eleitor;PR;-24.2053;-50.9478
Joacir Fernandes;(42) 98817-3875;Ortigueira;;Eleitor;PR;-24.2053;-50.9478
Marcos Eidam;(42) 99977-0343;Ortigueira;;Eleitor;PR;-24.2053;-50.9478
Marlene Mattos;(42) 99813-2599;Ortigueira;;Eleitor;PR;-24.2053;-50.9478
Walter Souza;42-99818-8626;Ortigueira;;Eleitor;PR;-24.2053;-50.9478
Álvaro Licínio de Oliveira Mattos;(42) 99972-6912;Ortigueira;;Eleitor;PR;-24.2053;-50.9478
Adam Agraria Coop;'+55 42 99977-0121;Outros;;Eleitor;PR;-24.0;-51.0
Adercio;'+55 43 99981-1945;Outros;;Eleitor;PR;-24.0;-51.0
Adilson Fuga;43 99148-1641;Outros;;Eleitor;PR;-24.0;-51.0
Adriani SR Alvorada;'+55 43 99161-7069;Outros;;Eleitor;PR;-24.0;-51.0
Adriano Ultra Aviões;'+55 45 99914-5678;Outros;;Eleitor;PR;-24.0;-51.0
Aga;'+55 43 99151-0721;Outros;;Eleitor;PR;-24.0;-51.0
Airton Galenari;'+55 44 99813-2243;Outros;;Eleitor;PR;-24.0;-51.0
Alberto Araujo Belagricola;'+55 43 99902-1702;Outros;;Eleitor;PR;-24.0;-51.0
Alcides Cavalca;'+55 45 98404-5215;Outros;;Eleitor;PR;-24.0;-51.0
Alessandro Gardemann;'+55 43 99929-5919;Outros;;Eleitor;PR;-24.0;-51.0
Alex Morikawa;'+55 43 99646-1414;Outros;;Eleitor;PR;-24.0;-51.0
Alex Schmidt;'+55 43 99976-9263;Outros;;Eleitor;PR;-24.0;-51.0
Alexandre Nepomuceno;'+55 43 99667-4425;Outros;;Eleitor;PR;-24.0;-51.0
Alfons Gardemann;'+55 43 99619-4949;Outros;;Eleitor;PR;-24.0;-51.0
Alfredo Lang;'+55 44 99976-1487;Outros;;Eleitor;PR;-24.0;-51.0
Almir Michelin aprosoja;'+55 44 99914-6774;Outros;;Eleitor;PR;-24.0;-51.0
Almir Monticelli;'+55 43 99961-1501;Outros;;Eleitor;PR;-24.0;-51.0
Alvaro Telles (castro);'+55 42 98802-3311;Outros;;Eleitor;PR;-24.0;-51.0
Alzemiro Tome;'+55 46 98818-9482;Outros;;Eleitor;PR;-24.0;-51.0
Amir Salmen;'+55 43 99195-9633;Outros;;Eleitor;PR;-24.0;-51.0
Ana Sacheli;'+55 43 99915-1434;Outros;;Eleitor;PR;-24.0;-51.0
Anderson Interlang;'+55 43 99640-6549;Outros;;Eleitor;PR;-24.0;-51.0
Anderson Sabadin;'+55 45 98802-6926;Outros;;Eleitor;PR;-24.0;-51.0
André;'+55 43 99618-0317;Outros;;Eleitor;PR;-24.0;-51.0
André Bedin;'+55 43 99119-2125;Outros;;Eleitor;PR;-24.0;-51.0
André Bueno;'+55 45 99972-3231;Outros;;Eleitor;PR;-24.0;-51.0
André Elias;'+55 43 98811-2283;Outros;;Eleitor;PR;-24.0;-51.0
Angelino;'+5543988055421;Outros;;Eleitor;PR;-24.0;-51.0
Angelo Favaro Junior;'+55 43 99972-9666;Outros;;Eleitor;PR;-24.0;-51.0
Antonio Roberto;'+55 43 99144-0449;Outros;;Eleitor;PR;-24.0;-51.0
Armando Lang;'+55 44 99916-5153;Outros;;Eleitor;PR;-24.0;-51.0
Armando Nasser;'+55 45 99929-1660;Outros;;Eleitor;PR;-24.0;-51.0
Arney Antônio Frasson ACEBRA;'+55 45 99117-2300;Outros;;Eleitor;PR;-24.0;-51.0
Arthur Sawatski Coop Witmarsum;'+55 42 9127-6058;Outros;;Eleitor;PR;-24.0;-51.0
Arthur van den berg;'+55 43 99122-1919;Outros;;Eleitor;PR;-24.0;-51.0
Ary Carneiro;'+55 42 99975-0032;Outros;;Eleitor;PR;-24.0;-51.0
Berberti;'+55 43 99975-7377;Outros;;Eleitor;PR;-24.0;-51.0
Berleze;'+55 43 99925-9807;Outros;;Eleitor;PR;-24.0;-51.0
Beth Dalozio;'+55 43 98841-0118;Outros;;Eleitor;PR;-24.0;-51.0
Beto Costa;'+55 44 99805-7905;Outros;;Eleitor;PR;-24.0;-51.0
Bispo Fernando Metodista;'+55 43 99153-5007;Outros;;Eleitor;PR;-24.0;-51.0
Bocchi Agro;'+55 46 98823-0444;Outros;;Eleitor;PR;-24.0;-51.0
Boechonek;'+55 42 99925-0028;Outros;;Eleitor;PR;-24.0;-51.0
Boselli;'+55 43 99938-4419;Outros;;Eleitor;PR;-24.0;-51.0
Bruno Garofani;'+55 42 99106-1663;Outros;;Eleitor;PR;-24.0;-51.0
Bruno Veronesi;'+55 43 99995-7589;Outros;;Eleitor;PR;-24.0;-51.0
Busnello;'+55 43 99107-3515;Outros;;Eleitor;PR;-24.0;-51.0
Caio Gottlieb;'+55 45 99972-0053;Outros;;Eleitor;PR;-24.0;-51.0
Canizio;'+55 43 99117-2642;Outros;;Eleitor;PR;-24.0;-51.0
Carla Abreu;'+55 43 99977-0263;Outros;;Eleitor;PR;-24.0;-51.0
Carla Sehn;'+55 43 99951-9864;Outros;;Eleitor;PR;-24.0;-51.0
Carlos Alberto;'+55 43 99658-6427;Outros;;Eleitor;PR;-24.0;-51.0
Carlos Vinhos;'+55 43 99965-8924;Outros;;Eleitor;PR;-24.0;-51.0
Carlos Walter Fiep;'+55 44 99103-1404;Outros;;Eleitor;PR;-24.0;-51.0
Carlota Meneghel;'+55 43 98817-2116;Outros;;Eleitor;PR;-24.0;-51.0
Carmelo;'+55 43 99618-3212;Outros;;Eleitor;PR;-24.0;-51.0
Cauvilla;'+55 43 99954-0340;Outros;;Eleitor;PR;-24.0;-51.0
Cavalcante;'+55 43 99634-6624;Outros;;Eleitor;PR;-24.0;-51.0
Cavalini;'+55 44 98407-9935;Outros;;Eleitor;PR;-24.0;-51.0
Cel. Morais Morais;'+55 43 99105-2903;Outros;;Eleitor;PR;-24.0;-51.0
Celso Cardoso;'+55 43 99977-0310;Outros;;Eleitor;PR;-24.0;-51.0
Celso Marconi;'+55 34 99994-2011;Outros;;Eleitor;PR;-24.0;-51.0
Celso Schimidt;'+55 43 99911-3888;Outros;;Eleitor;PR;-24.0;-51.0
Cesar Ribas Curi;'+55 42 99845-1815;Outros;;Eleitor;PR;-24.0;-51.0
Chabudé;'+55 43 99673-3333;Outros;;Eleitor;PR;-24.0;-51.0
Chico Aramon;'+55 43 99977-3797;Outros;;Eleitor;PR;-24.0;-51.0
Chico Schena;'+55 43 99844-1077;Outros;;Eleitor;PR;-24.0;-51.0
Christiano - Superint. PR;'+55 43 98404-6240;Outros;;Eleitor;PR;-24.0;-51.0
Cida Borghetti;'+55 44 99178-0511;Outros;;Eleitor;PR;-24.0;-51.0
Cilinho;'+55 44 99972-3647;Outros;;Eleitor;PR;-24.0;-51.0
Ciro Venturelli;'+55 43 99106-4005;Outros;;Eleitor;PR;-24.0;-51.0
Claiton Mendes Pérola;'+55 44 99967-0785;Outros;;Eleitor;PR;-24.0;-51.0
Claudia Pereira;'+55 45 99909-5555;Outros;;Eleitor;PR;-24.0;-51.0
Claudio Fustinoni;'+55 43 99162-6602;Outros;;Eleitor;PR;-24.0;-51.0
Cleide Penachi;'+55 43 99972-4742;Outros;;Eleitor;PR;-24.0;-51.0
Clemente Renosto;'+55 46 98822-5464;Outros;;Eleitor;PR;-24.0;-51.0
Clodomir Ascari;'+55 46 99121-6456;Outros;;Eleitor;PR;-24.0;-51.0
Cocão;'+55 43 99964-0647;Outros;;Eleitor;PR;-24.0;-51.0
Cons. Espna Londrina;'+55 43 99965-3528;Outros;;Eleitor;PR;-24.0;-51.0
Corona -Manoel;'+55 43 99914-8343;Outros;;Eleitor;PR;-24.0;-51.0
Corsini;'+55 43 99977-1901;Outros;;Eleitor;PR;-24.0;-51.0
Cristiano;'+55 43 99622-9790;Outros;;Eleitor;PR;-24.0;-51.0
Cunha;'+55 42 99973-0069;Outros;;Eleitor;PR;-24.0;-51.0
Cícero Prado - Nativa Armas & Munições;'+55 45 98807-5775;Outros;;Eleitor;PR;-24.0;-51.0
Daniel Driessen;'+55 43 99649-8726;Outros;;Eleitor;PR;-24.0;-51.0
DANIEL KÜMMEL;'+55 43 98816-2567;Outros;;Eleitor;PR;-24.0;-51.0
Danilo Freire;'+55 43 99128-3812;Outros;;Eleitor;PR;-24.0;-51.0
Danilo Marmores;'+55 43 99935-0056;Outros;;Eleitor;PR;-24.0;-51.0
Darci Smaniotto;'+55 46 99975-7409;Outros;;Eleitor;PR;-24.0;-51.0
Delegado Julio Reis;'+55 45 99144-8822;Outros;;Eleitor;PR;-24.0;-51.0
Demerva Silvestre;'+55 44 99965-8207;Outros;;Eleitor;PR;-24.0;-51.0
Demetrius Esteves;'+55 43 99808-0005;Outros;;Eleitor;PR;-24.0;-51.0
Devair Bortolato;'+55 45 99911-8284;Outros;;Eleitor;PR;-24.0;-51.0
Didi Cocamar;'+55 44 99961-0022;Outros;;Eleitor;PR;-24.0;-51.0
Diego;'+55 42 99972-1067;Outros;;Eleitor;PR;-24.0;-51.0
Diego Burani;'+55 43 98827-9628;Outros;;Eleitor;PR;-24.0;-51.0
Diego Schoeler;'+55 42 99911-2122;Outros;;Eleitor;PR;-24.0;-51.0
Dilvo Groli;'+55 45 99994-0286;Outros;;Eleitor;PR;-24.0;-51.0
Dinho Miassa;'+55 43 9968-8139;Outros;;Eleitor;PR;-24.0;-51.0
Diogo de Mattia;'+55 45 99104-1648;Outros;;Eleitor;PR;-24.0;-51.0
Divael;'+55 43 99920-1002;Outros;;Eleitor;PR;-24.0;-51.0
Dornelas;'+55 46 99909-0123;Outros;;Eleitor;PR;-24.0;-51.0
Douglas Maranhão Tj;'+55 43 99958-9656;Outros;;Eleitor;PR;-24.0;-51.0
Douglas Sind Rural Vera Cruz Do Oeste;'+55 45 99942-9996;Outros;;Eleitor;PR;-24.0;-51.0
Dr Raul Mioshi Filho Bandeirantes;'+55 43 99854-1321;Outros;;Eleitor;PR;-24.0;-51.0
Dr Roberto Koch;'+55 43 99972-0196;Outros;;Eleitor;PR;-24.0;-51.0
Dr Rodrigo Gomes;'+55 43 99119-5555;Outros;;Eleitor;PR;-24.0;-51.0
Ederson Muffato;'+55 45 99153-5402;Outros;;Eleitor;PR;-24.0;-51.0
Edilson Auersvald;'+55 43 99925-1122;Outros;;Eleitor;PR;-24.0;-51.0
Edimilson Sind Rural Palotina;'+55 44 99976-2565;Outros;;Eleitor;PR;-24.0;-51.0
Edina Bordignon;'+55 43 99122-4499;Outros;;Eleitor;PR;-24.0;-51.0
Edio Cooperaliança;'+55 42 99977-1603;Outros;;Eleitor;PR;-24.0;-51.0
Edmauro;'+55 42 99106-1846;Outros;;Eleitor;PR;-24.0;-51.0
Ednyra Godoy Andira;'+55 43 99909-4869;Outros;;Eleitor;PR;-24.0;-51.0
Edoel Rocha;44 99185-6849;Outros;;Eleitor;PR;-24.0;-51.0
Edson Bastos;'+55 42 99132-2288;Outros;;Eleitor;PR;-24.0;-51.0
Edson Gaudencio;'+55 43 99977-0655;Outros;;Eleitor;PR;-24.0;-51.0
Edson Vasconcelos Fiep;'+55 45 99921-3031;Outros;;Eleitor;PR;-24.0;-51.0
Eduardo Aprosoja PR;'+55 44 99979-0404;Outros;;Eleitor;PR;-24.0;-51.0
Edvaldo;'+55 43 99917-6010;Outros;;Eleitor;PR;-24.0;-51.0
Eliane Tonkovitch;'+55 43 9616-3271;Outros;;Eleitor;PR;-24.0;-51.0
Elias Zydek;'+55 45 99972-5204;Outros;;Eleitor;PR;-24.0;-51.0
Eloi Copagril;'+55 45 98813-2680;Outros;;Eleitor;PR;-24.0;-51.0
Elton Adm Sta Casa Band;'+55 43 99971-8244;Outros;;Eleitor;PR;-24.0;-51.0
Emerson;'+55 42 99972-7087;Outros;;Eleitor;PR;-24.0;-51.0
Erivelto Costa Sindileite;'+55 45 99969-5729;Outros;;Eleitor;PR;-24.0;-51.0
Erli Ribeiro;'+55 43 99121-0699;Outros;;Eleitor;PR;-24.0;-51.0
Esmael Carvalho;'+55 43 99670-3133;Outros;;Eleitor;PR;-24.0;-51.0
Everton;'+55 43 99185-9700;Outros;;Eleitor;PR;-24.0;-51.0
Fabio;'+55 43 99977-2119;Outros;;Eleitor;PR;-24.0;-51.0
Fabio Auersvald;'+55 43 99977-3158;Outros;;Eleitor;PR;-24.0;-51.0
Fabio de Barros;'+55 43 99160-2888;Outros;;Eleitor;PR;-24.0;-51.0
FABIO J. SEMANARIO;'+55 43 99813-8674;Outros;;Eleitor;PR;-24.0;-51.0
Fernanda Sanches;'+55 43 99819-3021;Outros;;Eleitor;PR;-24.0;-51.0
Fernando;'+55 46 99972-3210;Outros;;Eleitor;PR;-24.0;-51.0
Fernando 357 Tiro;'+55 43 99972-1402;Outros;;Eleitor;PR;-24.0;-51.0
Fernando Dolenz;'+55 43 99977-3013;Outros;;Eleitor;PR;-24.0;-51.0
Fernando Kireff;'+55 43 99965-3532;Outros;;Eleitor;PR;-24.0;-51.0
Fernando Milhas Legendario;'+55 43 99809-4519;Outros;;Eleitor;PR;-24.0;-51.0
Fernando Morandi;'+55 43 99156-0949;Outros;;Eleitor;PR;-24.0;-51.0
Fernando Nardine;43 9972-1465;Outros;;Eleitor;PR;-24.0;-51.0
Fernando Prochet;'+55 43 99911-0809;Outros;;Eleitor;PR;-24.0;-51.0
Flavia Boberg;'+55 43 99977-0520;Outros;;Eleitor;PR;-24.0;-51.0
Flavinho Mayorki;'+55 43 99119-6612;Outros;;Eleitor;PR;-24.0;-51.0
Flavio Andreo Belagricola;'+55 43 99912-4440;Outros;;Eleitor;PR;-24.0;-51.0
Flavio Farias;'+55 43 8487-4259;Outros;;Eleitor;PR;-24.0;-51.0
Flavio Lopes;'+55 44 98816-1177;Outros;;Eleitor;PR;-24.0;-51.0
Flora Bugallo;'+55 43 99636-3586;Outros;;Eleitor;PR;-24.0;-51.0
Flávio BALAN;'+55 43 99991-9716;Outros;;Eleitor;PR;-24.0;-51.0
Flávio Carvalho;'+55 42 98811-9502;Outros;;Eleitor;PR;-24.0;-51.0
Francisco Galli;'+55 43 99612-0910;Outros;;Eleitor;PR;-24.0;-51.0
Frans Borg;'+55 42 99973-1233;Outros;;Eleitor;PR;-24.0;-51.0
Frans Lohman;'+55 43 99181-0804;Outros;;Eleitor;PR;-24.0;-51.0
Fred Cambe;'+55 43 99958-7602;Outros;;Eleitor;PR;-24.0;-51.0
Frederico Mendes;'+55 44 99143-6953;Outros;;Eleitor;PR;-24.0;-51.0
Gabi Bartholomei;'+55 43 99831-8022;Outros;;Eleitor;PR;-24.0;-51.0
Gabriel Nadal;'+55 42 98816-9337;Outros;;Eleitor;PR;-24.0;-51.0
Gabriel Sta Alice;'+55 43 99976-0721;Outros;;Eleitor;PR;-24.0;-51.0
Gabriel Vale;'+55 43 99660-0011;Outros;;Eleitor;PR;-24.0;-51.0
Galassini Coamo;'+55 44 99897-2250;Outros;;Eleitor;PR;-24.0;-51.0
Gaspar De Geus;'+55 42 8814-3523;Outros;;Eleitor;PR;-24.0;-51.0
Geha;4399994-0190;Outros;;Eleitor;PR;-24.0;-51.0
Gelson;'+55 45 99133-5615;Outros;;Eleitor;PR;-24.0;-51.0
Genesis Machado;'+55 43 98437-0977;Outros;;Eleitor;PR;-24.0;-51.0
Genivaldo Piscina;'+55 43 99985-2559;Outros;;Eleitor;PR;-24.0;-51.0
George Hiraiwa;'+55 43 99102-1288;Outros;;Eleitor;PR;-24.0;-51.0
Germano Sordi;'+55 44 99974-2142;Outros;;Eleitor;PR;-24.0;-51.0
Gersão;'+55 43 99152-8807;Outros;;Eleitor;PR;-24.0;-51.0
Gilberto;'+55 43 99917-4869;Outros;;Eleitor;PR;-24.0;-51.0
Gile Osti Guaira;'+55 44 98405-3636;Outros;;Eleitor;PR;-24.0;-51.0
Gilmar Teixeira;'+55 43 99971-4154;Outros;;Eleitor;PR;-24.0;-51.0
Gilson;'+55 43 99976-2832;Outros;;Eleitor;PR;-24.0;-51.0
Gilvane Cipriano;'+55 42 99129-7866;Outros;;Eleitor;PR;-24.0;-51.0
Gisele - CISNORPI;'+55 43 99627-2127;Outros;;Eleitor;PR;-24.0;-51.0
Glair Lab;'+55 43 98404-2149;Outros;;Eleitor;PR;-24.0;-51.0
Glauber;'+55 43 99903-1166;Outros;;Eleitor;PR;-24.0;-51.0
Gra Guaira;'+55 44 99129-2800;Outros;;Eleitor;PR;-24.0;-51.0
Grace Sap;'+55 43 99871-1880;Outros;;Eleitor;PR;-24.0;-51.0
Graciano;'+55 43 9129-7059;Outros;;Eleitor;PR;-24.0;-51.0
Graziela;'+55 43 99917-6369;Outros;;Eleitor;PR;-24.0;-51.0
Graça Saad;'+55 43 99977-0798;Outros;;Eleitor;PR;-24.0;-51.0
Guilherme;'+55 44 99928-5140;Outros;;Eleitor;PR;-24.0;-51.0
Guilherme Fontana Romar;45 99989-8761;Outros;;Eleitor;PR;-24.0;-51.0
Guilherme Hakme;'+55 43 99916-8430;Outros;;Eleitor;PR;-24.0;-51.0
Guilherme Ress;'+55 43 99913-0801;Outros;;Eleitor;PR;-24.0;-51.0
Gustavo;'+55 43 99925-3777;Outros;;Eleitor;PR;-24.0;-51.0
Gustavo;'+55 43 98813-3681;Outros;;Eleitor;PR;-24.0;-51.0
Gustavo Lopes;'+55 43 98813-0565;Outros;;Eleitor;PR;-24.0;-51.0
Gustavo Ximenes;'+55 43 98452-4770;Outros;;Eleitor;PR;-24.0;-51.0
Guto Fogiatto;'+55 43 99977-0977;Outros;;Eleitor;PR;-24.0;-51.0
Guto Grassano;'+55 43 99972-2430;Outros;;Eleitor;PR;-24.0;-51.0
Helio Roberto;'+55 44 99940-2225;Outros;;Eleitor;PR;-24.0;-51.0
Henrique Radames;'+55 43 99926-1502;Outros;;Eleitor;PR;-24.0;-51.0
Hissachi Shono;'+55 44 99979-0228;Outros;;Eleitor;PR;-24.0;-51.0
Humberto Amaral;'+55 43 99962-0021;Outros;;Eleitor;PR;-24.0;-51.0
Humberto Sacheli;'+55 43 99911-6660;Outros;;Eleitor;PR;-24.0;-51.0
Iozael Rocha;'+55 44 99975-0361;Outros;;Eleitor;PR;-24.0;-51.0
Iram Rezende;'+55 43 99972-0120;Outros;;Eleitor;PR;-24.0;-51.0
Irapuã Fonseca Taques;'+55 42 98809-4441;Outros;;Eleitor;PR;-24.0;-51.0
Irineu Munhoz Abimovel;'+55 43 98806-4369;Outros;;Eleitor;PR;-24.0;-51.0
Irineu Rodrigues Coop Lar;'+55 45 99924-0044;Outros;;Eleitor;PR;-24.0;-51.0
Ivan;'+55 44 99174-3949;Outros;;Eleitor;PR;-24.0;-51.0
Ivan Ipirangao;'+55 42 99106-8766;Outros;;Eleitor;PR;-24.0;-51.0
Jackeline Auersvald;'+55 43 99970-3066;Outros;;Eleitor;PR;-24.0;-51.0
Jacó;'+55 43 99915-8432;Outros;;Eleitor;PR;-24.0;-51.0
Jaime Guto Silva;'+55 43 99638-0689;Outros;;Eleitor;PR;-24.0;-51.0
Jaime Zorzetto;'+55 45 98805-4320;Outros;;Eleitor;PR;-24.0;-51.0
Jair - Newmidia/RuralNews;'+55 45 99972-6113;Outros;;Eleitor;PR;-24.0;-51.0
Jair Machado;'+55 43 99975-2285;Outros;;Eleitor;PR;-24.0;-51.0
Jair Menani;'+55 43 99977-1404;Outros;;Eleitor;PR;-24.0;-51.0
Jairo Henrique Vale Do Sol;'+55 43 99647-0136;Outros;;Eleitor;PR;-24.0;-51.0
Jaketi;'+55 43 99916-0811;Outros;;Eleitor;PR;-24.0;-51.0
Jean;'+55 43 99935-6487;Outros;;Eleitor;PR;-24.0;-51.0
Jessicão;'+55 43 98855-3438;Outros;;Eleitor;PR;-24.0;-51.0
Joao Carlos R. Pedroso;'+55 46 99972-2554;Outros;;Eleitor;PR;-24.0;-51.0
Jocemara Lopes;'+55 45 99155-0888;Outros;;Eleitor;PR;-24.0;-51.0
Jorge Espolador;'+55 43 99101-2288;Outros;;Eleitor;PR;-24.0;-51.0
Jorge Nunes;'+55 43 99109-1961;Outros;;Eleitor;PR;-24.0;-51.0
Jose Antonio Fontes;'+55 43 99991-1098;Outros;;Eleitor;PR;-24.0;-51.0
Jose Augusto;'+55 43 99964-0867;Outros;;Eleitor;PR;-24.0;-51.0
Jose de Mattos Leao;'+55 42 99904-8888;Outros;;Eleitor;PR;-24.0;-51.0
Jose Mario Padovani;'+55 43 99943-3000;Outros;;Eleitor;PR;-24.0;-51.0
Josmar Bagatin Soeto;'+55 43 99923-1111;Outros;;Eleitor;PR;-24.0;-51.0
José Afonso Jr;'+55 43 99990-0313;Outros;;Eleitor;PR;-24.0;-51.0
João Alberto Graça;'+55 43 99643-0070;Outros;;Eleitor;PR;-24.0;-51.0
João Calomeno;'+55 43 99977-0785;Outros;;Eleitor;PR;-24.0;-51.0
João Cedi;'+55 43 98817-1688;Outros;;Eleitor;PR;-24.0;-51.0
João Cirelli Moveis;'+55 43 99871-4722;Outros;;Eleitor;PR;-24.0;-51.0
João Fernando Taques;'+55 42 99978-6183;Outros;;Eleitor;PR;-24.0;-51.0
João Jorge;'+55 42 99809-0309;Outros;;Eleitor;PR;-24.0;-51.0
João Jorge Helu;'+55 44 98405-0426;Outros;;Eleitor;PR;-24.0;-51.0
João luccas;'+55 43 99840-1452;Outros;;Eleitor;PR;-24.0;-51.0
João Lázaro Pires;'+55 44 99986-9153;Outros;;Eleitor;PR;-24.0;-51.0
João Ney;'+55 42 99106-2255;Outros;;Eleitor;PR;-24.0;-51.0
João Ricardo Gatti;'+55 43 99975-1701;Outros;;Eleitor;PR;-24.0;-51.0
Juarez Carioba;'+55 43 99936-9349;Outros;;Eleitor;PR;-24.0;-51.0
Julio Acosta Sap;'+55 43 99977-9775;Outros;;Eleitor;PR;-24.0;-51.0
Julio Agili Pesquisas;'+55 43 99125-7185;Outros;;Eleitor;PR;-24.0;-51.0
Julio Arruda;'+55 43 99977-0457;Outros;;Eleitor;PR;-24.0;-51.0
Juninho Eletricista;'+55 43 99633-1221;Outros;;Eleitor;PR;-24.0;-51.0
Junior Ferreira;'+55 43 9811-2536;Outros;;Eleitor;PR;-24.0;-51.0
Junior Sap;'+55 43 99967-3267;Outros;;Eleitor;PR;-24.0;-51.0
Junior Weiiler;'+55 44 99155-4451;Outros;;Eleitor;PR;-24.0;-51.0
Kariza Ribeirão;'+55 43 99855-4120;Outros;;Eleitor;PR;-24.0;-51.0
Klaus;'+55 43 99801-6000;Outros;;Eleitor;PR;-24.0;-51.0
Kogut;'+55 43 99995-0190;Outros;;Eleitor;PR;-24.0;-51.0
Larissa Galassini Campo Mourão;'+55 44 99970-9004;Outros;;Eleitor;PR;-24.0;-51.0
Lauri Paludo;'+55 45 99972-2673;Outros;;Eleitor;PR;-24.0;-51.0
Laércio Alcântara;'+55 44 99868-6800;Outros;;Eleitor;PR;-24.0;-51.0
Leila Zorzetto;'+55 45 98805-5023;Outros;;Eleitor;PR;-24.0;-51.0
Leonardo Boinga Usiban;'+55 43 99950-8173;Outros;;Eleitor;PR;-24.0;-51.0
Leonardo Vanzeli®️;'+55 43 99868-2798;Outros;;Eleitor;PR;-24.0;-51.0
Leonir Leo;'+55 43 99917-8655;Outros;;Eleitor;PR;-24.0;-51.0
Leopolski;'+55 43 99911-4878;Outros;;Eleitor;PR;-24.0;-51.0
Lino Martins;'+55 43 99691-4759;Outros;;Eleitor;PR;-24.0;-51.0
Lozer;43 99178-6734;Outros;;Eleitor;PR;-24.0;-51.0
Lu Ferroni;'+55 43 99918-5555;Outros;;Eleitor;PR;-24.0;-51.0
Luana Dr Fabio;'+55 43 99975-2609;Outros;;Eleitor;PR;-24.0;-51.0
Lucas Bartholomei;'+55 43 99869-8888;Outros;;Eleitor;PR;-24.0;-51.0
Luciana Bartholomei;'+55 43 99972-5001;Outros;;Eleitor;PR;-24.0;-51.0
Luciene;'+55 43 99602-3284;Outros;;Eleitor;PR;-24.0;-51.0
Luis Carlos Jac;'+55 43 98444-5044;Outros;;Eleitor;PR;-24.0;-51.0
Luiz Alberto Sudati;'+55 46 99115-6128;Outros;;Eleitor;PR;-24.0;-51.0
Luiz Antonio Giglioti;'+55 44 99111-4544;Outros;;Eleitor;PR;-24.0;-51.0
Luiz Bannwart;'+55 43 99967-6600;Outros;;Eleitor;PR;-24.0;-51.0
Luiz Baxhix - Divesa Londrina;'+55 43 98809-6333;Outros;;Eleitor;PR;-24.0;-51.0
Luiz Comegno;'+55 43 99977-2898;Outros;;Eleitor;PR;-24.0;-51.0
Luiz Ferroni;'+55 43 99194-5655;Outros;;Eleitor;PR;-24.0;-51.0
Luiz Lourenço;'+55 44 9911-6093;Outros;;Eleitor;PR;-24.0;-51.0
Luiz Meneghel;'+55 43 99916-3833;Outros;;Eleitor;PR;-24.0;-51.0
Luiz Ribas Carli;'+55 42 98414-2501;Outros;;Eleitor;PR;-24.0;-51.0
Mara Fernandes;'+55 43 99977-2405;Outros;;Eleitor;PR;-24.0;-51.0
Marcao Bordignon;'+55 43 99148-0380;Outros;;Eleitor;PR;-24.0;-51.0
Marcel Rizzardi;'+55 43 99185-2888;Outros;;Eleitor;PR;-24.0;-51.0
Marcelo El Kadri;'+55 43 99663-2020;Outros;;Eleitor;PR;-24.0;-51.0
Marcelo Pissinin Sossella;'+55 45 99104-0054;Outros;;Eleitor;PR;-24.0;-51.0
Marcelo Vezozzo;'+55 43 99968-0598;Outros;;Eleitor;PR;-24.0;-51.0
Marcio Assai;'+55 43 99634-3723;Outros;;Eleitor;PR;-24.0;-51.0
Marcio Bonesi;'+55 44 99979-0117;Outros;;Eleitor;PR;-24.0;-51.0
Marco Aurélio Valério Azevedo;'+55 44 99821-0241;Outros;;Eleitor;PR;-24.0;-51.0
Marcos Alexandre Domingues;'+55 43 99976-4546;Outros;;Eleitor;PR;-24.0;-51.0
Marcos Barrozo;'+55 43 99923-9806;Outros;;Eleitor;PR;-24.0;-51.0
Marcos Meneghel Usiban;'+55 45 99145-1337;Outros;;Eleitor;PR;-24.0;-51.0
Marcos Sarabia;'+55 45 99911-0033;Outros;;Eleitor;PR;-24.0;-51.0
Marcos Tordoro;'+55 43 99118-1889;Outros;;Eleitor;PR;-24.0;-51.0
Marcos Trintinalha Cocari Coop;'+55 44 99918-5455;Outros;;Eleitor;PR;-24.0;-51.0
Marcus Thome;'+55 42 98807-5464;Outros;;Eleitor;PR;-24.0;-51.0
Maria Albuquerque;'+55 42 99918-9819;Outros;;Eleitor;PR;-24.0;-51.0
Maria Iraclezia;'+55 44 99163-1296;Outros;;Eleitor;PR;-24.0;-51.0
Marilda Victor;'+55 43 98818-4226;Outros;;Eleitor;PR;-24.0;-51.0
Mario Dykstra;'+55 42 98813-9629;Outros;;Eleitor;PR;-24.0;-51.0
Markus Flankel;'+55 43 99697-4041;Outros;;Eleitor;PR;-24.0;-51.0
Matheus Boss Vieira;'+55 43 99915-0968;Outros;;Eleitor;PR;-24.0;-51.0
Matheus Moreira Cooperval;'+55 44 99102-1593;Outros;;Eleitor;PR;-24.0;-51.0
Matiussi;'+55 43 99929-8072;Outros;;Eleitor;PR;-24.0;-51.0
Matthias Tigges;'+55 42 8837-0366;Outros;;Eleitor;PR;-24.0;-51.0
Mauricio C Alves;'+55 43 99141-7200;Outros;;Eleitor;PR;-24.0;-51.0
Mauricio Hyczy;'+55 42 99977-3001;Outros;;Eleitor;PR;-24.0;-51.0
Maurício;'+55 43 99128-8954;Outros;;Eleitor;PR;-24.0;-51.0
Miguel;'+55 44 99975-1193;Outros;;Eleitor;PR;-24.0;-51.0
Milene Schena;'+55 43 99632-1143;Outros;;Eleitor;PR;-24.0;-51.0
Mineiro;'+55 43 99901-9971;Outros;;Eleitor;PR;-24.0;-51.0
Minoru - Pref Cafezal Sul;'+55 44 98438-8476;Outros;;Eleitor;PR;-24.0;-51.0
Mirian SAP;'+55 43 99800-5100;Outros;;Eleitor;PR;-24.0;-51.0
Moacir Sgarioni;'+55 43 99154-1664;Outros;;Eleitor;PR;-24.0;-51.0
MV Assis - Posto Acaron ⛽;'+55 44 99116-9394;Outros;;Eleitor;PR;-24.0;-51.0
Nahin Goes;'+55 42 99111-6020;Outros;;Eleitor;PR;-24.0;-51.0
Nando Carli;'+55 42 99981-0089;Outros;;Eleitor;PR;-24.0;-51.0
Natal;'+55 43 99645-9912;Outros;;Eleitor;PR;-24.0;-51.0
Nego Baterias;'+55 43 99977-0833;Outros;;Eleitor;PR;-24.0;-51.0
Nei Massa;'+55 44 99835-7979;Outros;;Eleitor;PR;-24.0;-51.0
Nelson Conzen Coop Codepa;'+55 46 99972-0674;Outros;;Eleitor;PR;-24.0;-51.0
Neno Bartolomei;'+55 43 99618-9040;Outros;;Eleitor;PR;-24.0;-51.0
Neto;'+55 44 99927-2727;Outros;;Eleitor;PR;-24.0;-51.0
Nick Network;'+55 43 99951-8836;Outros;;Eleitor;PR;-24.0;-51.0
Odemir Sebrae;'+55 43 99964-6422;Outros;;Eleitor;PR;-24.0;-51.0
Oscar Alves;'+55 43 99993-9473;Outros;;Eleitor;PR;-24.0;-51.0
Osmar Hilgemberg;'+55 42 98813-1159;Outros;;Eleitor;PR;-24.0;-51.0
Osmar Pereira;'+55 45 99973-6672;Outros;;Eleitor;PR;-24.0;-51.0
Osvaldo;'+55 43 99120-6096;Outros;;Eleitor;PR;-24.0;-51.0
Otávio Canesin;'+55 43 99911-9660;Outros;;Eleitor;PR;-24.0;-51.0
Otávio Lago Costa Pinto;'+55 44 99983-6956;Outros;;Eleitor;PR;-24.0;-51.0
Pandorff Castro;'+55 42 99925-4820;Outros;;Eleitor;PR;-24.0;-51.0
Pastor Beto;'+55 43 99925-0051;Outros;;Eleitor;PR;-24.0;-51.0
PATRICK FERRO;'+55 43 99971-0865;Outros;;Eleitor;PR;-24.0;-51.0
Paulo Abimci Madeira;'+55 42 99974-1006;Outros;;Eleitor;PR;-24.0;-51.0
Paulo Bertolini;'+55 42 99973-0010;Outros;;Eleitor;PR;-24.0;-51.0
Paulo Horto;'+55 43 99991-3004;Outros;;Eleitor;PR;-24.0;-51.0
Paulo Pennacchi;'+55 43 99972-0679;Outros;;Eleitor;PR;-24.0;-51.0
Paulo Pinto;'+55 42 99977-0000;Outros;;Eleitor;PR;-24.0;-51.0
Paulo Pratinha;'+55 44 98801-1849;Outros;;Eleitor;PR;-24.0;-51.0
Paulo Vilela;'+55 43 99961-0377;Outros;;Eleitor;PR;-24.0;-51.0
Pedrinho Claro;'+55 43 99923-2699;Outros;;Eleitor;PR;-24.0;-51.0
Pedro Baggio;'+55 43 99102-0072;Outros;;Eleitor;PR;-24.0;-51.0
Pedro Favoreto;'+55 43 99955-3323;Outros;;Eleitor;PR;-24.0;-51.0
Pedro Mauricio Pavoni;'+55 43 99990-9945;Outros;;Eleitor;PR;-24.0;-51.0
Pedro Pavoni;'+55 43 99977-0421;Outros;;Eleitor;PR;-24.0;-51.0
Pietro Veronezi;'+55 43 99926-0612;Outros;;Eleitor;PR;-24.0;-51.0
Polfani;43 99972-6383;Outros;;Eleitor;PR;-24.0;-51.0
Portaria Sinai;'+55 43 99697-0084;Outros;;Eleitor;PR;-24.0;-51.0
Rafael Hellu;'+55 44 99992-8933;Outros;;Eleitor;PR;-24.0;-51.0
Rafael Morais Cambara;'+55 43 99934-3907;Outros;;Eleitor;PR;-24.0;-51.0
Rafael Tortola GT Foods;'+55 44 98827-3006;Outros;;Eleitor;PR;-24.0;-51.0
Raffaello Cambara Frascati;'+55 43 99645-8776;Outros;;Eleitor;PR;-24.0;-51.0
Rainer Zielasko;'+55 45 99972-4403;Outros;;Eleitor;PR;-24.0;-51.0
Raquel;'+55 43 99900-4146;Outros;;Eleitor;PR;-24.0;-51.0
Rato Carnes;'+55 43 99977-3764;Outros;;Eleitor;PR;-24.0;-51.0
Regis William;'+55 43 98815-0075;Outros;;Eleitor;PR;-24.0;-51.0
Renan Martins Nova Fatima;'+55 43 99923-3131;Outros;;Eleitor;PR;-24.0;-51.0
Renata Vaz;'+55 43 99119-3942;Outros;;Eleitor;PR;-24.0;-51.0
Rev. José Fabrício Bahls;'+55 42 99822-6595;Outros;;Eleitor;PR;-24.0;-51.0
Rhoger | Grupo Pioneiro;'+55 43 98816-1555;Outros;;Eleitor;PR;-24.0;-51.0
Ricardinho;'+55 43 99865-9042;Outros;;Eleitor;PR;-24.0;-51.0
Ricardo Bartholomei;'+55 43 99919-9423;Outros;;Eleitor;PR;-24.0;-51.0
Ricardo Chapla;45 8819-7999;Outros;;Eleitor;PR;-24.0;-51.0
Roberta Meneghel;'+55 43 99917-0708;Outros;;Eleitor;PR;-24.0;-51.0
Roberto;'+55 43 99820-9180;Outros;;Eleitor;PR;-24.0;-51.0
Roberto Kaefer;'+55 45 99972-1159;Outros;;Eleitor;PR;-24.0;-51.0
Robinho;'+55 42 99921-2948;Outros;;Eleitor;PR;-24.0;-51.0
Robson Martins;'+5543999095894;Outros;;Eleitor;PR;-24.0;-51.0
Rodolfo Ciciliato;'+55 43 99937-5881;Outros;;Eleitor;PR;-24.0;-51.0
Rodolfo Palmindaia;'+55 43 99975-8501;Outros;;Eleitor;PR;-24.0;-51.0
Rodrigo Costa C P;'+55 43 99606-0706;Outros;;Eleitor;PR;-24.0;-51.0
Rodrigo Ferro;'+55 43 99937-8899;Outros;;Eleitor;PR;-24.0;-51.0
Rodrigo Schena;'+55 43 99647-6466;Outros;;Eleitor;PR;-24.0;-51.0
Rodrigo Soria;'+55 44 99961-3886;Outros;;Eleitor;PR;-24.0;-51.0
Rogerio Cangussu Jac;'+55 43 99115-0333;Outros;;Eleitor;PR;-24.0;-51.0
Romeu Stanguerlin;'+55 43 99900-2222;Outros;;Eleitor;PR;-24.0;-51.0
Ronnie Onofre;'+55 43 99610-0248;Outros;;Eleitor;PR;-24.0;-51.0
Rose;'+55 43 99808-9690;Outros;;Eleitor;PR;-24.0;-51.0
Rubinho Choupana Clube Tiro;'+55 43 99918-6571;Outros;;Eleitor;PR;-24.0;-51.0
Sagati;'+55 43 99962-1528;Outros;;Eleitor;PR;-24.0;-51.0
Sandro Cirelli;'+55 43 99974-6959;Outros;;Eleitor;PR;-24.0;-51.0
Santin Roveda;'+55 42 98401-5441;Outros;;Eleitor;PR;-24.0;-51.0
Santo Cappellari Sicredi Prude;'+55 42 99134-2552;Outros;;Eleitor;PR;-24.0;-51.0
Saulo;'+55 43 99158-7013;Outros;;Eleitor;PR;-24.0;-51.0
Schervonka;'+55 42 99925-7297;Outros;;Eleitor;PR;-24.0;-51.0
Sebaldo Waclawoski Coagro Coop;'+55 46 99929-0938;Outros;;Eleitor;PR;-24.0;-51.0
Sergio otaguiri;'+55 43 99931-9902;Outros;;Eleitor;PR;-24.0;-51.0
Silvana Kantor Srp;'+55 43 98808-7672;Outros;;Eleitor;PR;-24.0;-51.0
Silvio Alves Cafeeira;'+55 43 99977-0910;Outros;;Eleitor;PR;-24.0;-51.0
Talheti;'+55 43 99976-9999;Outros;;Eleitor;PR;-24.0;-51.0
Tarcizo Frangos Pioneiro;'+55 43 98802-7005;Outros;;Eleitor;PR;-24.0;-51.0
Thiago;'+55 43 98806-8816;Outros;;Eleitor;PR;-24.0;-51.0
Thiago Costa;'+55 43 99117-1085;Outros;;Eleitor;PR;-24.0;-51.0
Thiago Mantovani;'+55 43 99161-0100;Outros;;Eleitor;PR;-24.0;-51.0
Thiago Modesto;'+55 43 98429-2901;Outros;;Eleitor;PR;-24.0;-51.0
Thiago Sabiao;'+55 43 99914-3374;Outros;;Eleitor;PR;-24.0;-51.0
Thiago Taques Fonseca;'+55 42 98811-0303;Outros;;Eleitor;PR;-24.0;-51.0
Thiago Tondinelli;'+55 43 99919-6579;Outros;;Eleitor;PR;-24.0;-51.0
Tiago Casimiro;'+55 43 99985-4000;Outros;;Eleitor;PR;-24.0;-51.0
Tristao Borborema;'+55 43 99916-1808;Outros;;Eleitor;PR;-24.0;-51.0
Tuta Bartholomei;'+55 43 99964-2520;Outros;;Eleitor;PR;-24.0;-51.0
Uilson Schena;'+55 43 99955-5095;Outros;;Eleitor;PR;-24.0;-51.0
Ursula Pediatra;'+55 43 99988-9809;Outros;;Eleitor;PR;-24.0;-51.0
Valcir Machado;'+55 43 99657-8953;Outros;;Eleitor;PR;-24.0;-51.0
Valdemir;'+55 45 99972-7722;Outros;;Eleitor;PR;-24.0;-51.0
Valdinei Silva;'+55 45 99972-0111;Outros;;Eleitor;PR;-24.0;-51.0
Vale Do Sol;'+55 43 99648-4765;Outros;;Eleitor;PR;-24.0;-51.0
Valter Pitol;'+55 45 99978-6719;Outros;;Eleitor;PR;-24.0;-51.0
Valter Vanzella;'+55 45 99972-5145;Outros;;Eleitor;PR;-24.0;-51.0
Vilson dos Santos;'+55 45 98404-8078;Outros;;Eleitor;PR;-24.0;-51.0
Vilson Moreno;'+55 43 98801-5033;Outros;;Eleitor;PR;-24.0;-51.0
Wagner Jurema;'+55 44 99152-8040;Outros;;Eleitor;PR;-24.0;-51.0
Walter;'+55 43 99106-0190;Outros;;Eleitor;PR;-24.0;-51.0
Walter;'+55 43 99178-6847;Outros;;Eleitor;PR;-24.0;-51.0
Wellington;'+55 43 99963-2911;Outros;;Eleitor;PR;-24.0;-51.0
Wellington T. Bergamaschi;43 99823-2621;Outros;;Eleitor;PR;-24.0;-51.0
Wilson Baggio Junior;'+55 43 99937-8560;Outros;;Eleitor;PR;-24.0;-51.0
Wilson Oliveira Diario Dos Campos;'+55 42 99132-7744;Outros;;Eleitor;PR;-24.0;-51.0
Wolski;'+55 43 99988-7373;Outros;;Eleitor;PR;-24.0;-51.0
Ze Lima;'+55 43 99648-4710;Outros;;Eleitor;PR;-24.0;-51.0
Ze Lopes;'+55 45 99918-9000;Outros;;Eleitor;PR;-24.0;-51.0
Ze Maria;'+55 43 99934-6824;Outros;;Eleitor;PR;-24.0;-51.0
Zeca Romaneli;'+55 43 99991-6952;Outros;;Eleitor;PR;-24.0;-51.0
Zeze Sismeiro;'+55 44 99979-2278;Outros;;Eleitor;PR;-24.0;-51.0
Zuzo Chamas;'+55 43 98801-1696;Outros;;Eleitor;PR;-24.0;-51.0
Zé Dolmiro SAP;'+55 43 99951-9852;Outros;;Eleitor;PR;-24.0;-51.0
Cidenei Cristian Allebrandt;(46) 99115-1719;Palmas;;Eleitor;PR;-26.4842;-51.9908
Célio Schernoski Ribas;(46) 99104-6327;Palmas;;Eleitor;PR;-26.4842;-51.9908
Daniel Ricardo Langaro;46-99130-1919;Palmas;;Eleitor;PR;-26.4842;-51.9908
Diego;46-99978-3117;Palmas;;Eleitor;PR;-26.4842;-51.9908
Gelson Polese;(46) 99933-2550;Palmas;;Eleitor;PR;-26.4842;-51.9908
Guilherme Loureiro;(46) 99917-5564;Palmas;;Eleitor;PR;-26.4842;-51.9908
Lilian Maria de Souza Debas;(46) 98802-3077;Palmas;;Eleitor;PR;-26.4842;-51.9908
Luciana Hazt;46-99973-2580;Palmas;;Eleitor;PR;-26.4842;-51.9908
Marini Taís Reis;(46) 99105-2806;Palmas;;Eleitor;PR;-26.4842;-51.9908
Mulheres Lilian;(46) 99900-7308;Palmas;;Eleitor;PR;-26.4842;-51.9908
Paulo Roberto Kohl;(49) 99981-3574;Palmas;;Eleitor;PR;-26.4842;-51.9908
Roni Marini;(46) 99911-2651;Palmas;;Eleitor;PR;-26.4842;-51.9908
Luciano Turra Agottani;(42) 99978-5214;Palmeira;;Eleitor;PR;-25.4297;-50.0064
Betinho;'+55 42 99146-0145;Palmital;;Eleitor;PR;-24.8864;-52.2025
Hederson Giacomini;(44) 99993-7996;Palotina;;Eleitor;PR;-24.2844;-53.84
Adriano Ramos;'+55 41 99221-1392;Paranaguá;;Eleitor;PR;-25.5161;-48.5225
Tarcisio;'+55 44 99876-0084;Paranavaí;;Eleitor;PR;-23.0733;-52.4653
Eduardo Albani Dala Costa;(46) 99130-2840;Pato Branco;;Eleitor;PR;-26.2289;-52.6706
Julinho tonus;(46) 99972-0055;Pato Branco;;Eleitor;PR;-26.2289;-52.6706
Marcos Pozza;'+55 46 99111-2121;Pato Branco;;Eleitor;PR;-26.2289;-52.6706
Mauricio Pozza;'+55 46 99108-2710;Pato Branco;;Eleitor;PR;-26.2289;-52.6706
Deoclides espindola dos Santos junior;(41) 99908-5886;Pinhais;;Eleitor;PR;-25.4442;-49.1928
Jeferson Dalazem Ignacio;(41) 99994-2921;Pinhais;;Eleitor;PR;-25.4442;-49.1928
Ana Paula Bernardo Correia;(43) 99821-2549;Pinhalão;;Eleitor;PR;-23.7972;-50.0583
Analice;43-99632-6461;Pinhalão;;Eleitor;PR;-23.7972;-50.0583
Bruna Cristina O. de Almeida;(43) 99869-1607;Pinhalão;;Eleitor;PR;-23.7972;-50.0583
Bruno Vanzelli Nicolau;(43) 98810-5070;Pinhalão;;Eleitor;PR;-23.7972;-50.0583
Celso Baum;(43) 99975-0672;Pinhalão;;Eleitor;PR;-23.7972;-50.0583
Cristiano Daniel da Silva;(43) 98830-6979;Pinhalão;;Eleitor;PR;-23.7972;-50.0583
Dionísio;'+55 43 98836-8319;Pinhalão;;Eleitor;PR;-23.7972;-50.0583
Edney Luiz Vilas Boas;(43) 98475-6609;Pinhalão;;Eleitor;PR;-23.7972;-50.0583
Egna Ogando Vanzeli;(43) 99679-9739;Pinhalão;;Eleitor;PR;-23.7972;-50.0583
Flávio Decol Rodrigues;(43) 99828-0715;Pinhalão;;Eleitor;PR;-23.7972;-50.0583
Guilherme;(43) 99161-1986;Pinhalão;;Eleitor;PR;-23.7972;-50.0583
João Victor Monteiro de Almeida;(43) 98843-9447;Pinhalão;;Eleitor;PR;-23.7972;-50.0583
Luiz Eduardo de Castro Vanzeli;43-99866-3277;Pinhalão;;Eleitor;PR;-23.7972;-50.0583
Pablo Vanzeli;(43) 99618-9448;Pinhalão;;Eleitor;PR;-23.7972;-50.0583
Pedro Carlos de Oliveira;(43) 98810-1909;Pinhalão;;Eleitor;PR;-23.7972;-50.0583
Adão Mário;(42) 99903-6744;Pinhão;;Eleitor;PR;-25.6939;-51.6575
Alessandro Machado;(42) 99969-5813;Pinhão;;Eleitor;PR;-25.6939;-51.6575
Geraldo Ferreira de Almeida;(42) 99977-1873;Pinhão;;Eleitor;PR;-25.6939;-51.6575
João Paulo;(42) 9938-8583;Pinhão;;Eleitor;PR;-25.6939;-51.6575
Miguel Mendes;(42) 99997-6616;Pinhão;;Eleitor;PR;-25.6939;-51.6575
Antonio Anhaia Filho;(42) 99810-4820;Piraí do Sul;;Eleitor;PR;-24.5289;-49.9475
Bruna Martins;42998202056;Piraí do Sul;;Eleitor;PR;-24.5289;-49.9475
Daniela de Mattos Ribas;42 99912-8389;Piraí do Sul;;Eleitor;PR;-24.5289;-49.9475
Doriano Carneiro;(42) 99992-6959;Piraí do Sul;;Eleitor;PR;-24.5289;-49.9475
Henrique;(42) 9937-1387;Piraí do Sul;;Eleitor;PR;-24.5289;-49.9475
Henrique Carneiro;42999371387;Piraí do Sul;;Eleitor;PR;-24.5289;-49.9475
Hiagor Mendes;42999807655;Piraí do Sul;;Eleitor;PR;-24.5289;-49.9475
Ivanete;'+55 42 99102-9299;Piraí do Sul;;Eleitor;PR;-24.5289;-49.9475
Kazuyoshi Wakimoto;(42) 99944-0971;Piraí do Sul;;Eleitor;PR;-24.5289;-49.9475
Luciano Solek;(42) 99961-9147;Piraí do Sul;;Eleitor;PR;-24.5289;-49.9475
Luiz Carlos Pithan;(42) 99962-5051;Piraí do Sul;;Eleitor;PR;-24.5289;-49.9475
Luiz Fernando Tonon;(42) 9971-4434;Piraí do Sul;;Eleitor;PR;-24.5289;-49.9475
Mariana Zadra Gabriel Ferreira;(42) 9908-9752;Piraí do Sul;;Eleitor;PR;-24.5289;-49.9475
Nelson;(42) 99822-8433;Piraí do Sul;;Eleitor;PR;-24.5289;-49.9475
Ricardo Lopes;42 9810-4264;Piraí do Sul;;Eleitor;PR;-24.5289;-49.9475
Roberval Gualberto;(42) 99918-2696;Piraí do Sul;;Eleitor;PR;-24.5289;-49.9475
Vinícius André Brizola de Oliveira;(42) 99937-9987;Piraí do Sul;;Eleitor;PR;-24.5289;-49.9475
Wagner Alan Zadra;42 9842-3634;Piraí do Sul;;Eleitor;PR;-24.5289;-49.9475
Luiz Carlos;'+55 42 99977-1488;Pitanga;;Eleitor;PR;-24.7575;-51.7608
Rodrigo;'+55 42 99946-3648;Pitanga;;Eleitor;PR;-24.7575;-51.7608
Paulo Rodella;'+55 43 99151-4987;Pitangueiras;;Eleitor;PR;-23.2281;-51.5872
Affonso Weigert de Saldanha;(42) 99121-0212;Ponta Grossa;;Eleitor;PR;-25.0916;-50.1668
Augusto Sergio do Amaral;(42) 99809-5132;Ponta Grossa;;Eleitor;PR;-25.0916;-50.1668
Damasceno Ribas;(42) 99972-2728;Ponta Grossa;;Eleitor;PR;-25.0916;-50.1668
Douglas Taques;(42) 98807-9999;Ponta Grossa;;Eleitor;PR;-25.0916;-50.1668
Elinton Nasseh Doná;(42) 99911-4927;Ponta Grossa;;Eleitor;PR;-25.0916;-50.1668
Gustavo Ribas;(42) 98842-5494;Ponta Grossa;;Eleitor;PR;-25.0916;-50.1668
Jeronimo Queiroz;'+55 42 99985-7555;Ponta Grossa;;Eleitor;PR;-25.0916;-50.1668
Jorge Rosas Demiate Junior;(42) 99985-7779;Ponta Grossa;;Eleitor;PR;-25.0916;-50.1668
JULIANE DOROSXI STEFANCZAK;(42) 99954-5250;Ponta Grossa;;Eleitor;PR;-25.0916;-50.1668
Marcio Zwierewicz;(42) 98836-9408;Ponta Grossa;;Eleitor;PR;-25.0916;-50.1668
Marietje Veldhuis;(42) 99978-3010;Ponta Grossa;;Eleitor;PR;-25.0916;-50.1668
Paulo Rodrigo Marques de Avelar;(42) 99985-9870;Ponta Grossa;;Eleitor;PR;-25.0916;-50.1668
Sandra Queiroz;(42) 99978-6331;Ponta Grossa;;Eleitor;PR;-25.0916;-50.1668
Taborda;'+55 42 99944-2911;Ponta Grossa;;Eleitor;PR;-25.0916;-50.1668
Vanderlei Robson Stefanczak;(42) 99956-7649;Ponta Grossa;;Eleitor;PR;-25.0916;-50.1668
Vinicius Camargo;'+55 42 99917-0246;Ponta Grossa;;Eleitor;PR;-25.0916;-50.1668
Batinga;'+55 43 99159-0170;Porecatu;;Eleitor;PR;-22.7556;-51.3789
Fabinho;43991315723;Porecatu;;Eleitor;PR;-22.7556;-51.3789
Janaína;'+55 43 99116-2792;Porecatu;;Eleitor;PR;-22.7556;-51.3789
Anselmo de Caires;(43) 99989-8807;Prado Ferreira;;Eleitor;PR;-22.7408;-51.4403
Capinha;'+55 43 98435-2516;Primeiro de Maio;;Eleitor;PR;-22.8517;-51.0281
Lucas Luiz Renzi de Andrade;(43) 99150-1985;Primeiro de Maio;;Eleitor;PR;-22.8517;-51.0281
Ataides Marconato;'+55 42 99117-3113;Prudentópolis;;Eleitor;PR;-25.2128;-50.9778
Cicero Becher;'+55 42 99923-4321;Prudentópolis;;Eleitor;PR;-25.2128;-50.9778
Edimilson Roberto Rickli;(42) 99813-7682;Prudentópolis;;Eleitor;PR;-25.2128;-50.9778
EMERSON RECH;(42) 99933-2528;Prudentópolis;;Eleitor;PR;-25.2128;-50.9778
Evaldo Hofmann Júnior;(42) 99910-1201;Prudentópolis;;Eleitor;PR;-25.2128;-50.9778
Felipe Rickli;(42) 99974-1449;Prudentópolis;;Eleitor;PR;-25.2128;-50.9778
Juarez -;'+55 42 99811-1332;Prudentópolis;;Eleitor;PR;-25.2128;-50.9778
Júnior Pilatti;(42) 99974-0205;Prudentópolis;;Eleitor;PR;-25.2128;-50.9778
Osnei Stadler;(42) 98432-9060;Prudentópolis;;Eleitor;PR;-25.2128;-50.9778
Rogerio Rickli;'+55 42 99977-0676;Prudentópolis;;Eleitor;PR;-25.2128;-50.9778
Adelita Parmezan de Moraes;(43) 99630-9130;Quatiguá;;Eleitor;PR;-23.5672;-49.915
Andriele parmezan;41996274773;Quatiguá;;Eleitor;PR;-23.5672;-49.915
Bruno Daniel Bernardes;43996995183;Quatiguá;;Eleitor;PR;-23.5672;-49.915
Diego pavan;41996438475;Quatiguá;;Eleitor;PR;-23.5672;-49.915
Gabriela silio;14998806446;Quatiguá;;Eleitor;PR;-23.5672;-49.915
Izilda;'+55 43 99698-6652;Quatiguá;;Eleitor;PR;-23.5672;-49.915
João Victor Alcântara Marcelino;43999273994;Quatiguá;;Eleitor;PR;-23.5672;-49.915
Marlon;(43) 99682-6160;Quatiguá;;Eleitor;PR;-23.5672;-49.915
Mauricio kadera;43999036612;Quatiguá;;Eleitor;PR;-23.5672;-49.915
Michelli Angélica Nogueira Figueiredo Marcelino;43998395944;Quatiguá;;Eleitor;PR;-23.5672;-49.915
Roberto Bordignon;(43) 99103-0200;Quatiguá;;Eleitor;PR;-23.5672;-49.915
Osmar Goin;'+55 46 99914-2604;Quedas do Iguaçu;;Eleitor;PR;-25.4497;-52.9067
Karina Ribas;(41) 98527-6748;Quitandinha;;Eleitor;PR;-25.8733;-49.4947
Marcio Neri de Oliveira;(41) 9691-9574;Quitandinha;;Eleitor;PR;-25.8733;-49.4947
Marcos Ribas de Lima;(41) 9552-9963;Quitandinha;;Eleitor;PR;-25.8733;-49.4947
Claudemir dos Santos Herthel;(42) 99999-9940;Rebouças;;Eleitor;PR;-25.6219;-50.6933
Adriel;(42) 99930-7136;Reserva;;Eleitor;PR;-24.6486;-50.8464
Antônio Valdemir Roberto;(42) 98821-4264;Reserva;;Eleitor;PR;-24.6486;-50.8464
Carlos Dalzoto;(42) 99154-5473;Reserva;;Eleitor;PR;-24.6486;-50.8464
Cândido de Matos Gomes;(42) 98840-2105;Reserva;;Eleitor;PR;-24.6486;-50.8464
Gerson Gomes;(42) 99971-4388;Reserva;;Eleitor;PR;-24.6486;-50.8464
Alcione;(43) 99929-4845;Ribeirão Claro;;Eleitor;PR;-23.1936;-49.7597
Aline Rossi;(43) 99647-7199;Ribeirão Claro;;Eleitor;PR;-23.1936;-49.7597
Ana Maria Baggio Molini;(43) 99675-1480;Ribeirão Claro;;Eleitor;PR;-23.1936;-49.7597
Ana Maria Baggio Molini;(43) 9967-5148;Ribeirão Claro;;Eleitor;PR;-23.1936;-49.7597
André de Abreu Carriel;(43) 99935-2414;Ribeirão Claro;;Eleitor;PR;-23.1936;-49.7597
Carlos Luiz Pinheiro da Silva;(43) 99134-9928;Ribeirão Claro;;Eleitor;PR;-23.1936;-49.7597
Celso Gozzi Neia;(43) 98818-3094;Ribeirão Claro;;Eleitor;PR;-23.1936;-49.7597
Coord. Campanha Danilo;(43) 9637-4489;Ribeirão Claro;;Eleitor;PR;-23.1936;-49.7597
Danilo Augusto Baggio Camargo Lima;(43) 99957-5283;Ribeirão Claro;;Eleitor;PR;-23.1936;-49.7597
Denize Saad Baggio;(43) 98408-2756;Ribeirão Claro;;Eleitor;PR;-23.1936;-49.7597
Elizângela Bonato;(43) 98822-3545;Ribeirão Claro;;Eleitor;PR;-23.1936;-49.7597
Francisco Carlos Molini;(43) 99854-2662;Ribeirão Claro;;Eleitor;PR;-23.1936;-49.7597
Fábio de Lucca;(43) 99642-8021;Ribeirão Claro;;Eleitor;PR;-23.1936;-49.7597
Guilherme Diniz Feliciano Leite;(43) 99141-6721;Ribeirão Claro;;Eleitor;PR;-23.1936;-49.7597
Henrique Mio;(43) 99974-7366;Ribeirão Claro;;Eleitor;PR;-23.1936;-49.7597
Jeisa Felix de Moraes;(43) 98826-4992;Ribeirão Claro;;Eleitor;PR;-23.1936;-49.7597
José Amaury Antunes da Silva;(43) 99811-2594;Ribeirão Claro;;Eleitor;PR;-23.1936;-49.7597
João Carlos Bonato;(43) 99653-5222;Ribeirão Claro;;Eleitor;PR;-23.1936;-49.7597
Liliane Abrantes;(41) 98888-1657;Ribeirão Claro;;Eleitor;PR;-23.1936;-49.7597
Lindomar Baggio;'+55 43 98859-8164;Ribeirão Claro;;Eleitor;PR;-23.1936;-49.7597
Lisandro Baggi;'+55 43 98802-0672;Ribeirão Claro;;Eleitor;PR;-23.1936;-49.7597
Marcelo Molini;(43) 99804-7070;Ribeirão Claro;;Eleitor;PR;-23.1936;-49.7597
Marcos Minguini;(43) 99977-1300;Ribeirão Claro;;Eleitor;PR;-23.1936;-49.7597
Neto Mello Rahuan;(43) 99985-7680;Ribeirão Claro;;Eleitor;PR;-23.1936;-49.7597
Odair do Prado;(43) 99657-4009;Ribeirão Claro;;Eleitor;PR;-23.1936;-49.7597
Osvaldo José Ziroldo;(43) 9107-9304;Ribeirão Claro;;Eleitor;PR;-23.1936;-49.7597
Reinaldo Baggio;(43) 99968-1258;Ribeirão Claro;;Eleitor;PR;-23.1936;-49.7597
Ricardo David Chammas Cassar Filho;(43) 99607-2000;Ribeirão Claro;;Eleitor;PR;-23.1936;-49.7597
Rômulo Santana;(43) 99615-2230;Ribeirão Claro;;Eleitor;PR;-23.1936;-49.7597
Sarita Baggio de Mattos;(43) 98801-6290;Ribeirão Claro;;Eleitor;PR;-23.1936;-49.7597
Thiago Mercurio;'+55 43 98803-6916;Ribeirão Claro;;Eleitor;PR;-23.1936;-49.7597
Vanubia;(43) 99902-8232;Ribeirão Claro;;Eleitor;PR;-23.1936;-49.7597
Alcides Ferreira;43999110211;Ribeirão do Pinhal;;Eleitor;PR;-23.4097;-50.3544
Alcídio Balduino;(43) 99644-0204;Ribeirão do Pinhal;;Eleitor;PR;-23.4097;-50.3544
Alessandra de lima;(43) 99930-4510;Ribeirão do Pinhal;;Eleitor;PR;-23.4097;-50.3544
Arthur Caminski de Paula Lopes;(43) 99802-7878;Ribeirão do Pinhal;;Eleitor;PR;-23.4097;-50.3544
Arthur Rafael Flores Perole;(43) 99676-6872;Ribeirão do Pinhal;;Eleitor;PR;-23.4097;-50.3544
Bruno de Paula Oliveira;(43) 99646-0652;Ribeirão do Pinhal;;Eleitor;PR;-23.4097;-50.3544
Bruno Ricardo Siqueira Silva;(43) 98485-2078;Ribeirão do Pinhal;;Eleitor;PR;-23.4097;-50.3544
Carlos Alexandre Braz;(43) 99903-0394;Ribeirão do Pinhal;;Eleitor;PR;-23.4097;-50.3544
Carlos Robeto Lopes da Silva;(43) 99676-0019;Ribeirão do Pinhal;;Eleitor;PR;-23.4097;-50.3544
Ciro Tadeu;(43) 99101-0795;Ribeirão do Pinhal;;Eleitor;PR;-23.4097;-50.3544
Cristiane Rocha;(43) 99822-3642;Ribeirão do Pinhal;;Eleitor;PR;-23.4097;-50.3544
Cícero Rogério Sanches;(43) 99985-2561;Ribeirão do Pinhal;;Eleitor;PR;-23.4097;-50.3544
Dartagnan;4397548548;Ribeirão do Pinhal;;Eleitor;PR;-23.4097;-50.3544
Dartagnan Calixto Fraiz;(43) 99645-7024;Ribeirão do Pinhal;;Eleitor;PR;-23.4097;-50.3544
Deiziane escarabel;43999711645;Ribeirão do Pinhal;;Eleitor;PR;-23.4097;-50.3544
Diogo Marcelo de Souza;(43) 99852-4693;Ribeirão do Pinhal;;Eleitor;PR;-23.4097;-50.3544
Eduardo da Cruz Ribeiro;(43) 99836-0013;Ribeirão do Pinhal;;Eleitor;PR;-23.4097;-50.3544
EDUARDO LOPES DOS REIS;43996319969;Ribeirão do Pinhal;;Eleitor;PR;-23.4097;-50.3544
Elaine Barbosa Rosolem;(43) 99636-6434;Ribeirão do Pinhal;;Eleitor;PR;-23.4097;-50.3544
Evaldo Generoso;(43) 99927-6631;Ribeirão do Pinhal;;Eleitor;PR;-23.4097;-50.3544
FABIO DE OLIVEIRA DA SILVA;(43) 99628-7103;Ribeirão do Pinhal;;Eleitor;PR;-23.4097;-50.3544
Flávia Ramos;43996280374;Ribeirão do Pinhal;;Eleitor;PR;-23.4097;-50.3544
Gustavo Fraz;43984219090;Ribeirão do Pinhal;;Eleitor;PR;-23.4097;-50.3544
Hélio Lopes da Silva;(43) 99907-8273;Ribeirão do Pinhal;;Eleitor;PR;-23.4097;-50.3544
Jeferson Rodrigo Ferreira Gilho;(43) 99152-5697;Ribeirão do Pinhal;;Eleitor;PR;-23.4097;-50.3544
Jocilene Ferreira de paula Siqueira;(43) 99922-6976;Ribeirão do Pinhal;;Eleitor;PR;-23.4097;-50.3544
JOSÉ EDUARDO BADARO DOS REIS;43996036178;Ribeirão do Pinhal;;Eleitor;PR;-23.4097;-50.3544
João Carlos Barbosa da Silva.;(43) 98804-1018;Ribeirão do Pinhal;;Eleitor;PR;-23.4097;-50.3544
João Carlos da Silva;4199999855;Ribeirão do Pinhal;;Eleitor;PR;-23.4097;-50.3544
João Paulo Ribeiro Antunes;(43) 99633-7682;Ribeirão do Pinhal;;Eleitor;PR;-23.4097;-50.3544
Lucia Helena Nogari Moreira;(43) 99623-4045;Ribeirão do Pinhal;;Eleitor;PR;-23.4097;-50.3544
Marcos Antônio Timóteo;(43) 99800-7998;Ribeirão do Pinhal;;Eleitor;PR;-23.4097;-50.3544
Marynara Pereira de Moraes;(43) 99870-9597;Ribeirão do Pinhal;;Eleitor;PR;-23.4097;-50.3544
Nadiana Fraga;43999550887;Ribeirão do Pinhal;;Eleitor;PR;-23.4097;-50.3544
Nadir Fraga;43999867539;Ribeirão do Pinhal;;Eleitor;PR;-23.4097;-50.3544
Nilson Viera;(43) 99615-1690;Ribeirão do Pinhal;;Eleitor;PR;-23.4097;-50.3544
Osvaldir Padilha Júnior;(43) 99662-3216;Ribeirão do Pinhal;;Eleitor;PR;-23.4097;-50.3544
Paulo Emílio Coutinho;43-99903-3063;Ribeirão do Pinhal;;Eleitor;PR;-23.4097;-50.3544
Pedro Prestes;(43) 99607-7637;Ribeirão do Pinhal;;Eleitor;PR;-23.4097;-50.3544
Regina Timóteo dos Santos;(43) 98487-0451;Ribeirão do Pinhal;;Eleitor;PR;-23.4097;-50.3544
Reinaldo Timóteo da Silva;(43) 99960-1788;Ribeirão do Pinhal;;Eleitor;PR;-23.4097;-50.3544
Renata Domingues;(43) 99115-0736;Ribeirão do Pinhal;;Eleitor;PR;-23.4097;-50.3544
Ricardo Messias Aprigio de Oliveira;(43) 99910-8898;Ribeirão do Pinhal;;Eleitor;PR;-23.4097;-50.3544
Rodrigo Zanini Borges;(43) 98475-3794;Ribeirão do Pinhal;;Eleitor;PR;-23.4097;-50.3544
VANESSA CRISTINA TOMBA;43996287668;Ribeirão do Pinhal;;Eleitor;PR;-23.4097;-50.3544
Willian Antônio de Paiva;(43) 99975-4121;Ribeirão do Pinhal;;Eleitor;PR;-23.4097;-50.3544
Wilson Antunes;(43) 99869-9459;Ribeirão do Pinhal;;Eleitor;PR;-23.4097;-50.3544
Zenaide de Lourdes del padre;43996548665;Ribeirão do Pinhal;;Eleitor;PR;-23.4097;-50.3544
Airton Rigo Moretto;(42) 98401-4956;Rio Azul;;Eleitor;PR;-25.7308;-50.7953
Jair Boni;(42) 99137-3390;Rio Azul;;Eleitor;PR;-25.7308;-50.7953
Paulo Henrique Casema de Andrade;(42) 99816-1355;Rio Azul;;Eleitor;PR;-25.7308;-50.7953
Selói Buco Moretto;'+55 42 99107-9583;Rio Azul;;Eleitor;PR;-25.7308;-50.7953
Renata Chabowski Desplanches;(43) 99865-5680;Rio Branco do Ivaí;;Eleitor;PR;-24.3231;-51.3175
Ademir iacono;(43) 99972-2187;Rolândia;;Eleitor;PR;-23.31;-51.3689
Edilene;'+55 43 98824-5223;Rolândia;;Eleitor;PR;-23.31;-51.3689
Ferreira;'+55 43 99904-3869;Rolândia;;Eleitor;PR;-23.31;-51.3689
Gayza Maria de Paula Iacono;(43) 99972-8513;Rolândia;;Eleitor;PR;-23.31;-51.3689
Heuler Iuri Martins;(61) 99640-8212;Rolândia;;Eleitor;PR;-23.31;-51.3689
Joel Junior;43991408359;Rolândia;;Eleitor;PR;-23.31;-51.3689
Lucas Schauf;'+55 43 99699-6020;Rolândia;;Eleitor;PR;-23.31;-51.3689
Paulo Zanetti;18996446648;Rolândia;;Eleitor;PR;-23.31;-51.3689
Sabine giesen;43999378760;Rolândia;;Eleitor;PR;-23.31;-51.3689
Daniel Beliski;(44) 99706-2298;Roncador;;Eleitor;PR;-24.5908;-52.2722
Irimal Aparecido Basso;(44) 99944-0430;Rondon;;Eleitor;PR;-23.4119;-52.7669
Orlando de Paula Júnior;(44) 99997-2766;Rondon;;Eleitor;PR;-23.4119;-52.7669
Simone de Paula;(44) 99977-1905;Rondon;;Eleitor;PR;-23.4119;-52.7669
Ailton De Souza;(43) 99977-7690;Santa Amélia;;Eleitor;PR;-23.2686;-50.4178
Amanda Vitória;(43) 98810-7997;Santa Amélia;;Eleitor;PR;-23.2686;-50.4178
Clayton Taji;(43) 99698-7714;Santa Amélia;;Eleitor;PR;-23.2686;-50.4178
Diones;(43) 98462-1676;Santa Amélia;;Eleitor;PR;-23.2686;-50.4178
Jurandir de Campos;(43) 98444-0371;Santa Amélia;;Eleitor;PR;-23.2686;-50.4178
Márcia de Fátima Meneghin de Sousa;43-8441-8596;Santa Amélia;;Eleitor;PR;-23.2686;-50.4178
Renato Rosa Domingues;4398808-0000;Santa Amélia;;Eleitor;PR;-23.2686;-50.4178
Valéria;(43) 99958-0258;Santa Amélia;;Eleitor;PR;-23.2686;-50.4178
Wellington polonio;(43) 98458-1570;Santa Amélia;;Eleitor;PR;-23.2686;-50.4178
Celso Munhoz- Vice Sta Cecília Pavão;'+55 43 99129-4722;Santa Cecília do Pavão;;Eleitor;PR;-23.5247;-50.78
Hauston Munhoz;(43) 99108-2570;Santa Cecília do Pavão;;Eleitor;PR;-23.5247;-50.78
Agaene C G Amadeu;(43) 9634-9886;Santa Mariana;;Eleitor;PR;-23.1475;-50.5083
Ailton Luiz cuqui;(43) 99611-4446;Santa Mariana;;Eleitor;PR;-23.1475;-50.5083
Alexia Almeida;(43) 99151-8821;Santa Mariana;;Eleitor;PR;-23.1475;-50.5083
Alércio Medeu;43998326843;Santa Mariana;;Eleitor;PR;-23.1475;-50.5083
Amanda felix da silva;(43) 99690-5608;Santa Mariana;;Eleitor;PR;-23.1475;-50.5083
Ana Beatriz da Silva Cunha Gindre;(43) 99952-4835;Santa Mariana;;Eleitor;PR;-23.1475;-50.5083
Ana Laura Barbieri;(43) 99629-9456;Santa Mariana;;Eleitor;PR;-23.1475;-50.5083
Angelica Aparecida Domingos;(43) 99150-9992;Santa Mariana;;Eleitor;PR;-23.1475;-50.5083
Armando kanashiro;(43) 99975-7722;Santa Mariana;;Eleitor;PR;-23.1475;-50.5083
Athina Candu Teixeira;(43) 99618-9508;Santa Mariana;;Eleitor;PR;-23.1475;-50.5083
Carlos Roberto Louredo;(43) 99951-4923;Santa Mariana;;Eleitor;PR;-23.1475;-50.5083
Caroline Nunes;(43) 99666-8266;Santa Mariana;;Eleitor;PR;-23.1475;-50.5083
Claudete Amadeu B de oliveira;(43) 99668-6256;Santa Mariana;;Eleitor;PR;-23.1475;-50.5083
CRISTIANE MALANDRIM GUIMARÃES;(43) 99912-1768;Santa Mariana;;Eleitor;PR;-23.1475;-50.5083
Cristiane Uzai;(43) 99912-2516;Santa Mariana;;Eleitor;PR;-23.1475;-50.5083
Danilo Gindre;(43) 99842-5583;Santa Mariana;;Eleitor;PR;-23.1475;-50.5083
DAYANE ROGÉRIO DA SILVA;(43) 99681-1596;Santa Mariana;;Eleitor;PR;-23.1475;-50.5083
Dejanir Pedro Lopes neto;(43) 99980-7896;Santa Mariana;;Eleitor;PR;-23.1475;-50.5083
Douglas Amazonas;(43) 99987-7999;Santa Mariana;;Eleitor;PR;-23.1475;-50.5083
Eleandro Aparecido Barbieri;(43) 99116-8140;Santa Mariana;;Eleitor;PR;-23.1475;-50.5083
Erivelton Cezar Thomé;(43) 99105-5034;Santa Mariana;;Eleitor;PR;-23.1475;-50.5083
Evangelista de Oliveira;(43) 99602-0314;Santa Mariana;;Eleitor;PR;-23.1475;-50.5083
Fernanda lorosa Mendes;(43) 99912-4827;Santa Mariana;;Eleitor;PR;-23.1475;-50.5083
Francisco Carlos da Silva Leme;(43) 99902-3325;Santa Mariana;;Eleitor;PR;-23.1475;-50.5083
Gabriela Beatriz Barbieri;(43) 99853-8998;Santa Mariana;;Eleitor;PR;-23.1475;-50.5083
Guilherme Luis Cuqui;(43) 99652-4703;Santa Mariana;;Eleitor;PR;-23.1475;-50.5083
Inez Fogare Meneghin;(43) 98496-4623;Santa Mariana;;Eleitor;PR;-23.1475;-50.5083
Izabela Fogare Meneghin;(43) 99639-8471;Santa Mariana;;Eleitor;PR;-23.1475;-50.5083
Izadora Fogare Meneghin;(43) 98477-2430;Santa Mariana;;Eleitor;PR;-23.1475;-50.5083
JAILTON G MENDES;(43) 99620-3349;Santa Mariana;;Eleitor;PR;-23.1475;-50.5083
JENIFFER ELAINE DA SILVA ROSSETO;(43) 98848-2692;Santa Mariana;;Eleitor;PR;-23.1475;-50.5083
José Luiz Amadeu;(43) 99151-5358;Santa Mariana;;Eleitor;PR;-23.1475;-50.5083
José Marcelo Piovan Guimarães;(43) 99987-5166;Santa Mariana;;Eleitor;PR;-23.1475;-50.5083
Julia Malandrim Guimarães;(43) 99911-2100;Santa Mariana;;Eleitor;PR;-23.1475;-50.5083
Juliana Burgatto de Souza;(41) 99799-3980;Santa Mariana;;Eleitor;PR;-23.1475;-50.5083
Juliana Cristina Alves Casado;(43) 99611-8879;Santa Mariana;;Eleitor;PR;-23.1475;-50.5083
Leandro de Almeida;(43) 99103-6996;Santa Mariana;;Eleitor;PR;-23.1475;-50.5083
Lilian Amadeu de Oliveira;(43) 99937-6945;Santa Mariana;;Eleitor;PR;-23.1475;-50.5083
Luciano Gomes Siqueira;(43) 99169-1418;Santa Mariana;;Eleitor;PR;-23.1475;-50.5083
Lucimar Domingos Leao;(43) 99620-9220;Santa Mariana;;Eleitor;PR;-23.1475;-50.5083
Luiz fernando De carvalho;(43) 99957-2868;Santa Mariana;;Eleitor;PR;-23.1475;-50.5083
Luiz Henrique de Oliveira;(43) 99600-9822;Santa Mariana;;Eleitor;PR;-23.1475;-50.5083
Luiz Ricardo Figueiredo Teodoro;(43) 9964-7517;Santa Mariana;;Eleitor;PR;-23.1475;-50.5083
Luiz Ricardo Figueiredo Teodoro;(43) 99644-7517;Santa Mariana;;Eleitor;PR;-23.1475;-50.5083
Luzia Márcia aleixo;43996668261;Santa Mariana;;Eleitor;PR;-23.1475;-50.5083
Marcos Antonio Casado;(43) 99133-8350;Santa Mariana;;Eleitor;PR;-23.1475;-50.5083
Maria Cristina Bavaresco;(43) 99934-3993;Santa Mariana;;Eleitor;PR;-23.1475;-50.5083
Maria Eduarda da Silva Borges cuqui;(43) 99664-8617;Santa Mariana;;Eleitor;PR;-23.1475;-50.5083
Maria Eduarda Lins;(43) 99613-3907;Santa Mariana;;Eleitor;PR;-23.1475;-50.5083
Maria Fernanda Malandrim Guimarães;(43) 99846-6613;Santa Mariana;;Eleitor;PR;-23.1475;-50.5083
Marli ferreira;(43) 99649-7968;Santa Mariana;;Eleitor;PR;-23.1475;-50.5083
MATEUS DOMINGOS DE OLIVEIRA CORREIA;(43) 99905-0638;Santa Mariana;;Eleitor;PR;-23.1475;-50.5083
Matheus Felipe Camargo Juliani;(43) 99826-9811;Santa Mariana;;Eleitor;PR;-23.1475;-50.5083
Michele Aparecida Alves da Silva;(43) 99628-3032;Santa Mariana;;Eleitor;PR;-23.1475;-50.5083
Nathalia Cristine Amadeu;(43) 99813-3037;Santa Mariana;;Eleitor;PR;-23.1475;-50.5083
Nayra Ferreira Lara;(43) 99641-4172;Santa Mariana;;Eleitor;PR;-23.1475;-50.5083
Nelson Morales junior;(43) 99955-5485;Santa Mariana;;Eleitor;PR;-23.1475;-50.5083
Otavio Augusto Borges;(43) 99800-6967;Santa Mariana;;Eleitor;PR;-23.1475;-50.5083
Paulo Eduardo Dozzo Savian;(43) 98427-6066;Santa Mariana;;Eleitor;PR;-23.1475;-50.5083
Pedro Ciro de Aguiar;(43) 99918-4835;Santa Mariana;;Eleitor;PR;-23.1475;-50.5083
Rafael Henrique Domingues;(43) 99664-1634;Santa Mariana;;Eleitor;PR;-23.1475;-50.5083
Rafael Palma de Azevedo;(43) 99658-3127;Santa Mariana;;Eleitor;PR;-23.1475;-50.5083
Reginaldo Garcia banhos;(43) 99623-4892;Santa Mariana;;Eleitor;PR;-23.1475;-50.5083
REGINALDO MARTINS LEAO;(43) 99648-5856;Santa Mariana;;Eleitor;PR;-23.1475;-50.5083
Renata Aparecida dos Reis;(43) 99158-1735;Santa Mariana;;Eleitor;PR;-23.1475;-50.5083
Rinaldo Destro Filho;41996613641;Santa Mariana;;Eleitor;PR;-23.1475;-50.5083
Rinaldo Dextro;(41) 99661-3644;Santa Mariana;;Eleitor;PR;-23.1475;-50.5083
ROBERTA CRISTINA SARAIVA;(43) 99804-9536;Santa Mariana;;Eleitor;PR;-23.1475;-50.5083
RODRIGO GONÇALVES COLOMBO;(41) 99716-5216;Santa Mariana;;Eleitor;PR;-23.1475;-50.5083
Rogerio Segatto Fernandes Silva;(43) 99610-1650;Santa Mariana;;Eleitor;PR;-23.1475;-50.5083
Rosana Aparecida Felipe Barbieri;(43) 93300-2745;Santa Mariana;;Eleitor;PR;-23.1475;-50.5083
Ruan Bavaresco Piereti;(43) 98870-9198;Santa Mariana;;Eleitor;PR;-23.1475;-50.5083
Sandra kanashiro;(43) 99928-6506;Santa Mariana;;Eleitor;PR;-23.1475;-50.5083
SILMARA CRISTINA CAMPIAO GALEGO;(43) 99664-3667;Santa Mariana;;Eleitor;PR;-23.1475;-50.5083
Silvia Aguiar;(43) 99693-7866;Santa Mariana;;Eleitor;PR;-23.1475;-50.5083
Solimar Antônio Brunieri;(43) 99650-8469;Santa Mariana;;Eleitor;PR;-23.1475;-50.5083
Sueli Regina Mariquito;(43) 99126-1357;Santa Mariana;;Eleitor;PR;-23.1475;-50.5083
Tamara Ormeneze Fumegale;(43) 99635-6507;Santa Mariana;;Eleitor;PR;-23.1475;-50.5083
Tatiani Sabaini;(43) 99903-4531;Santa Mariana;;Eleitor;PR;-23.1475;-50.5083
Tiago Cafieiro de Toledo;(43) 99904-4475;Santa Mariana;;Eleitor;PR;-23.1475;-50.5083
Valdir Eschiezaro;(43) 99628-2247;Santa Mariana;;Eleitor;PR;-23.1475;-50.5083
Wagner dos Santos Veraldo;(43) 99950-6037;Santa Mariana;;Eleitor;PR;-23.1475;-50.5083
Évellyn Vitória dos Reis Almeida;(43) 99830-1081;Santa Mariana;;Eleitor;PR;-23.1475;-50.5083
Samuel Meneguetti;'+55 44 99948-1526;Santa Terezinha de Itaipu;;Eleitor;PR;-25.4389;-54.4019
Ana Paula Nogueira Alves;(43) 99175-9546;Santana do Itararé;;Eleitor;PR;-23.7558;-49.6289
Elias José de Freitas;(41) 9777-7334;Santana do Itararé;;Eleitor;PR;-23.7558;-49.6289
Everaldo Rogério biacaro;43991449383;Santana do Itararé;;Eleitor;PR;-23.7558;-49.6289
Joaquim;'+55 43 99146-4754;Santana do Itararé;;Eleitor;PR;-23.7558;-49.6289
Josiane;(41) 99670-7469;Santana do Itararé;;Eleitor;PR;-23.7558;-49.6289
Leomar Melo Martins;(43) 99829-8090;Santana do Itararé;;Eleitor;PR;-23.7558;-49.6289
Marisa Alexandre Martins;(43) 99135-8140;Santana do Itararé;;Eleitor;PR;-23.7558;-49.6289
Ney Aparecido Silva;43-99157-3339;Santana do Itararé;;Eleitor;PR;-23.7558;-49.6289
Thiago Henrique Alves;(43) 99152-3762;Santana do Itararé;;Eleitor;PR;-23.7558;-49.6289
Thiago henrique da silva;(43) 99163-0157;Santana do Itararé;;Eleitor;PR;-23.7558;-49.6289
VALDEMAR SALVI DE OLIVEIRA;(43) 99149-7374;Santana do Itararé;;Eleitor;PR;-23.7558;-49.6289
ADALCINEI DOMINGUES;43991538192;Santo Antônio da Platina;;Eleitor;PR;-23.295;-50.0775
Adauto crepaldi;(43) 99181-0053;Santo Antônio da Platina;;Eleitor;PR;-23.295;-50.0775
Adimara Souza;43999156687;Santo Antônio da Platina;;Eleitor;PR;-23.295;-50.0775
Adrian Hinterlang;(41) 99977-0193;Santo Antônio da Platina;;Eleitor;PR;-23.295;-50.0775
Adriana;'+55 43 99109-0913;Santo Antônio da Platina;;Eleitor;PR;-23.295;-50.0775
Adriana CM Almeida;(43) 98802-2834;Santo Antônio da Platina;;Eleitor;PR;-23.295;-50.0775
Adriana Lemes De Oliveira;(55) 43991-0909;Santo Antônio da Platina;;Eleitor;PR;-23.295;-50.0775
ADRIANO APARECIDO PARREIRA;(43) 99696-9147;Santo Antônio da Platina;;Eleitor;PR;-23.295;-50.0775
Adriano Guimarães;'+55 43 99988-9808;Santo Antônio da Platina;;Eleitor;PR;-23.295;-50.0775
Agnaldo Ferreira Silva;43984067815;Santo Antônio da Platina;;Eleitor;PR;-23.295;-50.0775
Aguinaldo Francisco Santos;(43) 99669-7374;Santo Antônio da Platina;;Eleitor;PR;-23.295;-50.0775
Alan Júnior da Silva Cardoso;(43) 99804-7827;Santo Antônio da Platina;;Eleitor;PR;-23.295;-50.0775
Alberto Inacio de Oliveira;43984837775;Santo Antônio da Platina;;Eleitor;PR;-23.295;-50.0775
Alcindo Aparecido Leite;43999774949;Santo Antônio da Platina;;Eleitor;PR;-23.295;-50.0775
Alex szczypkowski;4399773818;Santo Antônio da Platina;;Eleitor;PR;-23.295;-50.0775
Alexandre Carlos de paula;(43) 99919-7088;Santo Antônio da Platina;;Eleitor;PR;-23.295;-50.0775
Alexandre Guimaraes Neto;(43) 99977-1474;Santo Antônio da Platina;;Eleitor;PR;-23.295;-50.0775
Alexsander Gomes;43996744343;Santo Antônio da Platina;;Eleitor;PR;-23.295;-50.0775
Alison aparecido de Melo paiva;(43) 98452-0134;Santo Antônio da Platina;;Eleitor;PR;-23.295;-50.0775
Alveu claro de Oliveira neto;43991440612;Santo Antônio da Platina;;Eleitor;PR;-23.295;-50.0775
Alzimara;'+55 41 99274-2448;Santo Antônio da Platina;;Eleitor;PR;-23.295;-50.0775
Amanda da Silva Corrêa;(43) 99859-9687;Santo Antônio da Platina;;Eleitor;PR;-23.295;-50.0775
Ana Julia Palombo Cavallini;(18) 99787-0804;Santo Antônio da Platina;;Eleitor;PR;-23.295;-50.0775
Ana Livia Laurentino de Souza;(43) 99649-0548;Santo Antônio da Platina;;Eleitor;PR;-23.295;-50.0775
Ana Lucia Lima ferroni;43991137768;Santo Antônio da Platina;;Eleitor;PR;-23.295;-50.0775
Anderson lomba;43999296565;Santo Antônio da Platina;;Eleitor;PR;-23.295;-50.0775
Andre Luiz Maiorky;(43) 99984-1622;Santo Antônio da Platina;;Eleitor;PR;-23.295;-50.0775
Andrea Maria da silva;(43) 99959-2554;Santo Antônio da Platina;;Eleitor;PR;-23.295;-50.0775
Andreia Aparecida da Silva parreira;(43) 99674-5904;Santo Antônio da Platina;;Eleitor;PR;-23.295;-50.0775
André Augusto Gaudêncio;43991510729;Santo Antônio da Platina;;Eleitor;PR;-23.295;-50.0775
André filipe;43998017979;Santo Antônio da Platina;;Eleitor;PR;-23.295;-50.0775
Ane Karine Fernandes Paes;(43) 98824-1139;Santo Antônio da Platina;;Eleitor;PR;-23.295;-50.0775
Aniléia Bernardes;'+55 43 99954-0393;Santo Antônio da Platina;;Eleitor;PR;-23.295;-50.0775
Antonio cardoso;(43) 99988-4301;Santo Antônio da Platina;;Eleitor;PR;-23.295;-50.0775
Antonio Carlos Francisquet;43991880502;Santo Antônio da Platina;;Eleitor;PR;-23.295;-50.0775
Aparecida Marques;41999735104;Santo Antônio da Platina;;Eleitor;PR;-23.295;-50.0775
Aparecido Candido Cardoso;43996141611;Santo Antônio da Platina;;Eleitor;PR;-23.295;-50.0775
Arao Dias Neto;(43) 99977-0691;Santo Antônio da Platina;;Eleitor;PR;-23.295;-50.0775
Arthur Godoi Galvão;(43) 99624-7351;Santo Antônio da Platina;;Eleitor;PR;-23.295;-50.0775
Barbearia Sap;'+55 43 99976-9620;Santo Antônio da Platina;;Eleitor;PR;-23.295;-50.0775
Beatriz Aparecida de Assis Colaço;(43) 99672-6274;Santo Antônio da Platina;;Eleitor;PR;-23.295;-50.0775
Beatriz Aparecida Rodrigues da Silva;(43) 99617-5053;Santo Antônio da Platina;;Eleitor;PR;-23.295;-50.0775
Benito bertoleti;43999777367;Santo Antônio da Platina;;Eleitor;PR;-23.295;-50.0775
Bianchi;'+55 43 99977-0471;Santo Antônio da Platina;;Eleitor;PR;-23.295;-50.0775
Bruna L. Fogaca Camargo;(43) 99904-0350;Santo Antônio da Platina;;Eleitor;PR;-23.295;-50.0775
Bruno Antônio Arantes Faria;(43) 99833-5370;Santo Antônio da Platina;;Eleitor;PR;-23.295;-50.0775
Buchecha;43999311031;Santo Antônio da Platina;;Eleitor;PR;-23.295;-50.0775
Byatriz Da Costa Ramos;(21) 99230-1256;Santo Antônio da Platina;;Eleitor;PR;-23.295;-50.0775
Carlos Roberto da Costa Silva;(43) 99976-2032;Santo Antônio da Platina;;Eleitor;PR;-23.295;-50.0775
Carolina Marques;41996748288;Santo Antônio da Platina;;Eleitor;PR;-23.295;-50.0775
Celimar de Oliveira;(43) 99900-0608;Santo Antônio da Platina;;Eleitor;PR;-23.295;-50.0775
Celso Crespo Freitas;'+55 43 99600-5044;Santo Antônio da Platina;;Eleitor;PR;-23.295;-50.0775
Cenilda Alves Ferreira;43998335325;Santo Antônio da Platina;;Eleitor;PR;-23.295;-50.0775
Charliane Silva;43996093479;Santo Antônio da Platina;;Eleitor;PR;-23.295;-50.0775
Chiquinho;'+55 43 99923-5350;Santo Antônio da Platina;;Eleitor;PR;-23.295;-50.0775
Claudianny Ricci Bandeira;43988751583;Santo Antônio da Platina;;Eleitor;PR;-23.295;-50.0775
CLEBER FERNANDO FERREIRA;(43) 99954-4727;Santo Antônio da Platina;;Eleitor;PR;-23.295;-50.0775
Cleitinho;'+55 43 99800-3334;Santo Antônio da Platina;;Eleitor;PR;-23.295;-50.0775
Cleonice Aparecida de Oliveira;(43) 99624-7517;Santo Antônio da Platina;;Eleitor;PR;-23.295;-50.0775
Clovis Pereira de Souza;(43) 99977-0489;Santo Antônio da Platina;;Eleitor;PR;-23.295;-50.0775
Clóvis Pereira de Godoi;(43) 99602-5927;Santo Antônio da Platina;;Eleitor;PR;-23.295;-50.0775
Cristiane Papi;(43) 99171-3144;Santo Antônio da Platina;;Eleitor;PR;-23.295;-50.0775
Cristiano Assit Social;'+55 43 99636-7550;Santo Antônio da Platina;;Eleitor;PR;-23.295;-50.0775
Cícero de oliveira;43988365985;Santo Antônio da Platina;;Eleitor;PR;-23.295;-50.0775
Daniela Cristina do carmo Santos;(43) 99915-7360;Santo Antônio da Platina;;Eleitor;PR;-23.295;-50.0775
Daniela da Silva Ferreira Costa;(43) 98482-6587;Santo Antônio da Platina;;Eleitor;PR;-23.295;-50.0775
Daniela Fisioterapia;'+55 43 9158-1285;Santo Antônio da Platina;;Eleitor;PR;-23.295;-50.0775
Davi Cardin;'+55 42 99827-1600;Santo Antônio da Platina;;Eleitor;PR;-23.295;-50.0775
Davyd gael da Silva Ferreira;(14) 99690-5316;Santo Antônio da Platina;;Eleitor;PR;-23.295;-50.0775
DAYSE MICHELLE MIRANDA DA SILVA;(43) 99144-1386;Santo Antônio da Platina;;Eleitor;PR;-23.295;-50.0775
Diego beccari;43999216664;Santo Antônio da Platina;;Eleitor;PR;-23.295;-50.0775
DIEGO RAMOS DE MEDEIROS;(43) 99934-3534;Santo Antônio da Platina;;Eleitor;PR;-23.295;-50.0775
Dirceu Aparecido França;14998003322;Santo Antônio da Platina;;Eleitor;PR;-23.295;-50.0775
Diçao;43999660283;Santo Antônio da Platina;;Eleitor;PR;-23.295;-50.0775
Donizete Martins Alves da Cruz;43999183844;Santo Antônio da Platina;;Eleitor;PR;-23.295;-50.0775
Dr. Fernando Mansur;'+55 43 99802-4488;Santo Antônio da Platina;;Eleitor;PR;-23.295;-50.0775
EBER GERALDO RIBEIRO;(43) 99139-0739;Santo Antônio da Platina;;Eleitor;PR;-23.295;-50.0775
Eberton consolim;43984099815;Santo Antônio da Platina;;Eleitor;PR;-23.295;-50.0775
Edna Alves Pinto;43996702614;Santo Antônio da Platina;;Eleitor;PR;-23.295;-50.0775
Edson Moraes;(43) 99905-0112;Santo Antônio da Platina;;Eleitor;PR;-23.295;-50.0775
Elaine De Cassia Seghetto Vale;(43) 99964-2687;Santo Antônio da Platina;;Eleitor;PR;-23.295;-50.0775
Elenir;'+55 43 99930-7330;Santo Antônio da Platina;;Eleitor;PR;-23.295;-50.0775
Elias ribeiro;(43) 99844-1540;Santo Antônio da Platina;;Eleitor;PR;-23.295;-50.0775
Eliete Maria dos Santos;(43) 99972-2766;Santo Antônio da Platina;;Eleitor;PR;-23.295;-50.0775
Emanuele de Paula Santos;43999046214;Santo Antônio da Platina;;Eleitor;PR;-23.295;-50.0775
Emanuelle Rodrigues de Oliveira Burkle;(43) 99905-0551;Santo Antônio da Platina;;Eleitor;PR;-23.295;-50.0775
ERICK HENRIQUE ROSA PIMENTEL;(43) 98425-9474;Santo Antônio da Platina;;Eleitor;PR;-23.295;-50.0775
Ester Interlang;'+55 43 99988-8141;Santo Antônio da Platina;;Eleitor;PR;-23.295;-50.0775
Eurípides Junior de Almeida gaudencio;(43) 99618-3369;Santo Antônio da Platina;;Eleitor;PR;-23.295;-50.0775
Fabiano Pimentel;(43) 99696-3608;Santo Antônio da Platina;;Eleitor;PR;-23.295;-50.0775
Fabrício Vilas Boas Cardoso;(43) 99648-4399;Santo Antônio da Platina;;Eleitor;PR;-23.295;-50.0775
Felipe Chagas do Amaral;(43) 99656-8966;Santo Antônio da Platina;;Eleitor;PR;-23.295;-50.0775
Felipe Perez de Souza;43996137609;Santo Antônio da Platina;;Eleitor;PR;-23.295;-50.0775
Fernanda;'+55 43 99651-9803;Santo Antônio da Platina;;Eleitor;PR;-23.295;-50.0775
Fernanda da silva;(43) 99971-3746;Santo Antônio da Platina;;Eleitor;PR;-23.295;-50.0775
Fernando Cristiano Figueredo;(43) 99845-4652;Santo Antônio da Platina;;Eleitor;PR;-23.295;-50.0775
Fernando Xavier Ferreira;(11) 99605-9920;Santo Antônio da Platina;;Eleitor;PR;-23.295;-50.0775
Flavio Luiz Maiorky;(43) 99919-6612;Santo Antônio da Platina;;Eleitor;PR;-23.295;-50.0775
Flora Camiña Bugallo;(43) 99119-0692;Santo Antônio da Platina;;Eleitor;PR;-23.295;-50.0775
Frans loman;43991810801;Santo Antônio da Platina;;Eleitor;PR;-23.295;-50.0775
Fábio Callegari Burkle;(43) 99627-2897;Santo Antônio da Platina;;Eleitor;PR;-23.295;-50.0775
Fábio Gonçalves Damaceno;(43) 99926-6361;Santo Antônio da Platina;;Eleitor;PR;-23.295;-50.0775
Fábio Henrique de Oliveira;(43) 99919-9166;Santo Antônio da Platina;;Eleitor;PR;-23.295;-50.0775
Gabriel Elias do Prado;(43) 99652-2660;Santo Antônio da Platina;;Eleitor;PR;-23.295;-50.0775
Gabriela Santos Machado;(43) 99146-0110;Santo Antônio da Platina;;Eleitor;PR;-23.295;-50.0775
Gabriele Ferreira Silva;43999809867;Santo Antônio da Platina;;Eleitor;PR;-23.295;-50.0775
Gabriele Ferreira Silva;43999509867;Santo Antônio da Platina;;Eleitor;PR;-23.295;-50.0775
Genildo marques;(43) 99676-7418;Santo Antônio da Platina;;Eleitor;PR;-23.295;-50.0775
Genivaldo Marques;(43) 99821-6594;Santo Antônio da Platina;;Eleitor;PR;-23.295;-50.0775
Geraldo Crespo de Freitas;(43) 99909-4911;Santo Antônio da Platina;;Eleitor;PR;-23.295;-50.0775
Gil Martins;'+55 43 99976-3169;Santo Antônio da Platina;;Eleitor;PR;-23.295;-50.0775
Gilson Antônio da Costa;(43) 99127-9346;Santo Antônio da Platina;;Eleitor;PR;-23.295;-50.0775
Gilson Carlos de Souza;(43) 99929-4362;Santo Antônio da Platina;;Eleitor;PR;-23.295;-50.0775
Giovanni Oliveira Motta Santa Rosa;(43) 99654-6969;Santo Antônio da Platina;;Eleitor;PR;-23.295;-50.0775
Gisele Dias;'+55 43 99150-4449;Santo Antônio da Platina;;Eleitor;PR;-23.295;-50.0775
Gisele Terasawa Senra;(43) 99930-2852;Santo Antônio da Platina;;Eleitor;PR;-23.295;-50.0775
Gislene Aparecida da Silva Pio;(43) 99664-5343;Santo Antônio da Platina;;Eleitor;PR;-23.295;-50.0775
Glauber Paulo Muchailh de Almeida;(43) 99970-9551;Santo Antônio da Platina;;Eleitor;PR;-23.295;-50.0775
Guilherme Almeida Freitas;(43) 98852-3933;Santo Antônio da Platina;;Eleitor;PR;-23.295;-50.0775
Gérson Lavoratto Lavoratto;(43) 99977-3575;Santo Antônio da Platina;;Eleitor;PR;-23.295;-50.0775
Henrique;'+55 43 99631-9790;Santo Antônio da Platina;;Eleitor;PR;-23.295;-50.0775
Henrique Pinto Teixeira;(43) 99664-8838;Santo Antônio da Platina;;Eleitor;PR;-23.295;-50.0775
Henrique Ramim;(43) 99851-1470;Santo Antônio da Platina;;Eleitor;PR;-23.295;-50.0775
Hercio Corsini;(43) 99969-3640;Santo Antônio da Platina;;Eleitor;PR;-23.295;-50.0775
Igor de Araújo lemes;(41) 99546-6993;Santo Antônio da Platina;;Eleitor;PR;-23.295;-50.0775
Isabelle Faria aguiar do Santos;43988307851;Santo Antônio da Platina;;Eleitor;PR;-23.295;-50.0775
ISRAEL GALVAO DOS SANTOS;(43) 99901-2206;Santo Antônio da Platina;;Eleitor;PR;-23.295;-50.0775
Ivan André Pereira maia;(43) 99663-8958;Santo Antônio da Platina;;Eleitor;PR;-23.295;-50.0775
Jacqueline Ferroni;(43) 99918-1111;Santo Antônio da Platina;;Eleitor;PR;-23.295;-50.0775
Jaine Letícia lúcio Laurentino;(43) 99919-0381;Santo Antônio da Platina;;Eleitor;PR;-23.295;-50.0775
Jair Bueno de Oliveira;(43) 99910-6414;Santo Antônio da Platina;;Eleitor;PR;-23.295;-50.0775
Jean Carlos felizardo;(43) 99662-9092;Santo Antônio da Platina;;Eleitor;PR;-23.295;-50.0775
Jeferson lucindo;(43) 99697-3252;Santo Antônio da Platina;;Eleitor;PR;-23.295;-50.0775
Jeniffer Carolina Marques;4396904038;Santo Antônio da Platina;;Eleitor;PR;-23.295;-50.0775
Jeová Francisco da Silva;(43) 99615-2408;Santo Antônio da Platina;;Eleitor;PR;-23.295;-50.0775
Jerri adriani Olímpio vieira;(43) 99977-2121;Santo Antônio da Platina;;Eleitor;PR;-23.295;-50.0775
Joao Claudio gaudencio;(43) 99151-0728;Santo Antônio da Platina;;Eleitor;PR;-23.295;-50.0775
JOAO RAPHAEL PIRES DOS SANTOS;(43) 99814-7394;Santo Antônio da Platina;;Eleitor;PR;-23.295;-50.0775
Joao Vitor Gatzk moreira;(43) 99158-0903;Santo Antônio da Platina;;Eleitor;PR;-23.295;-50.0775
JOARINA APARECIDA CORSINI;(43) 99962-5933;Santo Antônio da Platina;;Eleitor;PR;-23.295;-50.0775
JOHNY ARAÚJO;(43) 99917-7871;Santo Antônio da Platina;;Eleitor;PR;-23.295;-50.0775
Jorge Cendon Garrido;(43) 99600-8451;Santo Antônio da Platina;;Eleitor;PR;-23.295;-50.0775
Jose carlos lima de oliveira;(43) 99691-6535;Santo Antônio da Platina;;Eleitor;PR;-23.295;-50.0775
Jose Fernando Esteves;(43) 98476-0070;Santo Antônio da Platina;;Eleitor;PR;-23.295;-50.0775
Jose Jaime Paula Silva;(43) 99873-2023;Santo Antônio da Platina;;Eleitor;PR;-23.295;-50.0775
Josiane Aparecida de Paiva;43999082974;Santo Antônio da Platina;;Eleitor;PR;-23.295;-50.0775
José Antônio Tavares dos Santos;(43) 99616-8454;Santo Antônio da Platina;;Eleitor;PR;-23.295;-50.0775
José Carlos Marques;(43) 99672-1859;Santo Antônio da Platina;;Eleitor;PR;-23.295;-50.0775
José Célio Rodrigues;43996976232;Santo Antônio da Platina;;Eleitor;PR;-23.295;-50.0775
José FERRONI Neto;(43) 99929-1881;Santo Antônio da Platina;;Eleitor;PR;-23.295;-50.0775
José Figueira;'+55 43 99900-3399;Santo Antônio da Platina;;Eleitor;PR;-23.295;-50.0775
João Emanuel Lima de Oliveira;(43) 99912-8101;Santo Antônio da Platina;;Eleitor;PR;-23.295;-50.0775
João Pedro Bannwart;43998589858;Santo Antônio da Platina;;Eleitor;PR;-23.295;-50.0775
João Victor De Castro;'+55 41 99778-6081;Santo Antônio da Platina;;Eleitor;PR;-23.295;-50.0775
Julia Rodrigue de Oliveira Garcia;(14) 99826-0055;Santo Antônio da Platina;;Eleitor;PR;-23.295;-50.0775
Juliana da silva;43999643770;Santo Antônio da Platina;;Eleitor;PR;-23.295;-50.0775
Juliana da Silva Campos;(43) 9801-0400;Santo Antônio da Platina;;Eleitor;PR;-23.295;-50.0775
Juliana Garcia;(43) 99914-8768;Santo Antônio da Platina;;Eleitor;PR;-23.295;-50.0775
Juliana Graziele Oliveira Godoi;(43) 99610-5467;Santo Antônio da Platina;;Eleitor;PR;-23.295;-50.0775
Juliana Priscila Peixoto Mantovani;(43) 99950-7992;Santo Antônio da Platina;;Eleitor;PR;-23.295;-50.0775
JULIANA RODRIGUES FERREIRA;(43) 99625-5566;Santo Antônio da Platina;;Eleitor;PR;-23.295;-50.0775
Juninho Queiroz;(43) 99964-1816;Santo Antônio da Platina;;Eleitor;PR;-23.295;-50.0775
Junior Benk;(43) 99639-5329;Santo Antônio da Platina;;Eleitor;PR;-23.295;-50.0775
Jônatas Abner Melo Pinheiro Ribeiro;(43) 99975-0570;Santo Antônio da Platina;;Eleitor;PR;-23.295;-50.0775
Kailane Dias quinelato;(43) 99954-9858;Santo Antônio da Platina;;Eleitor;PR;-23.295;-50.0775
KAMYLA MENDES DE OLIVEIRA;43999303607;Santo Antônio da Platina;;Eleitor;PR;-23.295;-50.0775
Karina Carla Schimidt;(43) 98433-3232;Santo Antônio da Platina;;Eleitor;PR;-23.295;-50.0775
karla Batista ribeiro;(43) 99687-4849;Santo Antônio da Platina;;Eleitor;PR;-23.295;-50.0775
Layara Lima;43996175708;Santo Antônio da Platina;;Eleitor;PR;-23.295;-50.0775
LEANDRO LEOPOLDINO FERNANDES ILDEFONSO;(43) 99659-8482;Santo Antônio da Platina;;Eleitor;PR;-23.295;-50.0775
Leandro Salvego;'+55 43 99664-0411;Santo Antônio da Platina;;Eleitor;PR;-23.295;-50.0775
Leila Francisco;(43) 99625-7425;Santo Antônio da Platina;;Eleitor;PR;-23.295;-50.0775
Leila Messias de Morais Castro;(43) 98425-3094;Santo Antônio da Platina;;Eleitor;PR;-23.295;-50.0775
Leonardo Moraes Teixeira;(43) 99135-0561;Santo Antônio da Platina;;Eleitor;PR;-23.295;-50.0775
Leonilda da Silva;43988365983;Santo Antônio da Platina;;Eleitor;PR;-23.295;-50.0775
Lindomar Donizete;43984540057;Santo Antônio da Platina;;Eleitor;PR;-23.295;-50.0775
LINDSAY MENDES DE OLIVEIRA;43999742298;Santo Antônio da Platina;;Eleitor;PR;-23.295;-50.0775
Livia Akemi Swa;43996245502;Santo Antônio da Platina;;Eleitor;PR;-23.295;-50.0775
Lourdes Nogueira da Silva;(41) 99595-2414;Santo Antônio da Platina;;Eleitor;PR;-23.295;-50.0775
Luan de Lima Rodrigues;(43) 99601-2121;Santo Antônio da Platina;;Eleitor;PR;-23.295;-50.0775
Lucas Aramon;'+55 43 99977-3796;Santo Antônio da Platina;;Eleitor;PR;-23.295;-50.0775
Lucas Carvalho;43999779489;Santo Antônio da Platina;;Eleitor;PR;-23.295;-50.0775
Lucas de Camargo Rocha;(43) 99631-2543;Santo Antônio da Platina;;Eleitor;PR;-23.295;-50.0775
Lucas Oliveira;41999092280;Santo Antônio da Platina;;Eleitor;PR;-23.295;-50.0775
Luciano Reis;(43) 99977-0264;Santo Antônio da Platina;;Eleitor;PR;-23.295;-50.0775
Luis Carlos;'+55 43 99954-1052;Santo Antônio da Platina;;Eleitor;PR;-23.295;-50.0775
LUIS FELIPE GABRIEL LOPES;(43) 99691-0024;Santo Antônio da Platina;;Eleitor;PR;-23.295;-50.0775
Luis Gomes (Buiu);(43) 99643-9637;Santo Antônio da Platina;;Eleitor;PR;-23.295;-50.0775
Luiz Antônio Cardozo;43998095719;Santo Antônio da Platina;;Eleitor;PR;-23.295;-50.0775
Luiz Flávio maiorky;(43) 98423-9793;Santo Antônio da Platina;;Eleitor;PR;-23.295;-50.0775
Luiz Henrique Silveira Zacarias;(43) 99926-9130;Santo Antônio da Platina;;Eleitor;PR;-23.295;-50.0775
Luiz Januario;'+55 43 99977-0693;Santo Antônio da Platina;;Eleitor;PR;-23.295;-50.0775
Luiz Otávio Chagas;(43) 99113-4399;Santo Antônio da Platina;;Eleitor;PR;-23.295;-50.0775
Luíz Gustavo Bannwart;43996717546;Santo Antônio da Platina;;Eleitor;PR;-23.295;-50.0775
MACHADO;(43) 98491-0802;Santo Antônio da Platina;;Eleitor;PR;-23.295;-50.0775
Maite Katiele;(43) 99959-3510;Santo Antônio da Platina;;Eleitor;PR;-23.295;-50.0775
Maj Siqueira BM;'+55 41 99698-6488;Santo Antônio da Platina;;Eleitor;PR;-23.295;-50.0775
Mara anselmo;43999012499;Santo Antônio da Platina;;Eleitor;PR;-23.295;-50.0775
Marcelo josé passoni barbosa;(43) 99602-6920;Santo Antônio da Platina;;Eleitor;PR;-23.295;-50.0775
Marcelo marcos de Araújo;43998277298;Santo Antônio da Platina;;Eleitor;PR;-23.295;-50.0775
Marcia Altvater HRNP;'+55 43 99908-7992;Santo Antônio da Platina;;Eleitor;PR;-23.295;-50.0775
Marcio;(43) 99906-8805;Santo Antônio da Platina;;Eleitor;PR;-23.295;-50.0775
Marco Antonio de Araujo;43996673970;Santo Antônio da Platina;;Eleitor;PR;-23.295;-50.0775
Marco Antônio  da Costa;(43) 99934-3079;Santo Antônio da Platina;;Eleitor;PR;-23.295;-50.0775
Marcos Paulo Bordignon;'+55 43 99970-9607;Santo Antônio da Platina;;Eleitor;PR;-23.295;-50.0775
Maria Eduarda da costa de Almeida lima;(43) 99197-3563;Santo Antônio da Platina;;Eleitor;PR;-23.295;-50.0775
Maria Eduarda de Paula Santos;43999999999;Santo Antônio da Platina;;Eleitor;PR;-23.295;-50.0775
Maria Fernanda de Proença Soares da Silva;(43) 99172-5276;Santo Antônio da Platina;;Eleitor;PR;-23.295;-50.0775
Maria Marques;41999577643;Santo Antônio da Platina;;Eleitor;PR;-23.295;-50.0775
Mariana Theodoro de Souza;(43) 99985-3533;Santo Antônio da Platina;;Eleitor;PR;-23.295;-50.0775
Marilza de Lima Santos;(43) 99930-4730;Santo Antônio da Platina;;Eleitor;PR;-23.295;-50.0775
Mario Cesar dos Santos;43999774170;Santo Antônio da Platina;;Eleitor;PR;-23.295;-50.0775
Marisa Frediani;4399956623;Santo Antônio da Platina;;Eleitor;PR;-23.295;-50.0775
Marisa Martins Aquino Frediani;43999566230;Santo Antônio da Platina;;Eleitor;PR;-23.295;-50.0775
Marlene Marques;43998236054;Santo Antônio da Platina;;Eleitor;PR;-23.295;-50.0775
Maryellen crespo Silva;43999288273;Santo Antônio da Platina;;Eleitor;PR;-23.295;-50.0775
Mateus henrique pontes Zanetti;(43) 99638-3908;Santo Antônio da Platina;;Eleitor;PR;-23.295;-50.0775
Matheus loman;43991443616;Santo Antônio da Platina;;Eleitor;PR;-23.295;-50.0775
Maísa Oliveira;(43) 99915-9631;Santo Antônio da Platina;;Eleitor;PR;-23.295;-50.0775
Merlin;'+55 43 99633-5899;Santo Antônio da Platina;;Eleitor;PR;-23.295;-50.0775
Michel Francisco Santos;(43) 99985-3753;Santo Antônio da Platina;;Eleitor;PR;-23.295;-50.0775
Michelle Francisco dos Santos;(13) 99958-8120;Santo Antônio da Platina;;Eleitor;PR;-23.295;-50.0775
MICHELLE FRANCISCO DOS SANTOS;(43) 99958-8120;Santo Antônio da Platina;;Eleitor;PR;-23.295;-50.0775
Mirelle Rodrigues Vieira;43996251617;Santo Antônio da Platina;;Eleitor;PR;-23.295;-50.0775
Murilo de Melo Machado;(43) 99646-3322;Santo Antônio da Platina;;Eleitor;PR;-23.295;-50.0775
Nelson Lauro De Moraes Castro;(43) 99930-2402;Santo Antônio da Platina;;Eleitor;PR;-23.295;-50.0775
Neusa de Souza;43998374158;Santo Antônio da Platina;;Eleitor;PR;-23.295;-50.0775
Odair Pereira Junior;(43) 99197-4461;Santo Antônio da Platina;;Eleitor;PR;-23.295;-50.0775
Onivaldo Rodrigues Carlos;(43) 99934-7485;Santo Antônio da Platina;;Eleitor;PR;-23.295;-50.0775
Orlando Ferreira viana;(43) 99650-9296;Santo Antônio da Platina;;Eleitor;PR;-23.295;-50.0775
Osmar Antônio Galvão;(43) 99626-2212;Santo Antônio da Platina;;Eleitor;PR;-23.295;-50.0775
Osmar Gusmão;43999329722;Santo Antônio da Platina;;Eleitor;PR;-23.295;-50.0775
Paulinho Geracao;'+55 43 98826-9394;Santo Antônio da Platina;;Eleitor;PR;-23.295;-50.0775
Paulo Alves dos Santos;(43) 99686-3637;Santo Antônio da Platina;;Eleitor;PR;-23.295;-50.0775
Paulo Buso;'+55 43 99148-2047;Santo Antônio da Platina;;Eleitor;PR;-23.295;-50.0775
Paulo César da Silva;(43) 99125-8428;Santo Antônio da Platina;;Eleitor;PR;-23.295;-50.0775
Paulo Eduardo Papi Fernandes;(43) 98407-7777;Santo Antônio da Platina;;Eleitor;PR;-23.295;-50.0775
Paulo Roberto Massabki;(43) 98829-9394;Santo Antônio da Platina;;Eleitor;PR;-23.295;-50.0775
Paulo Sergio Alves Siqueira;(43) 99191-9445;Santo Antônio da Platina;;Eleitor;PR;-23.295;-50.0775
Pedro Chiquinho;'+55 43 99914-2044;Santo Antônio da Platina;;Eleitor;PR;-23.295;-50.0775
Pedro Claro De Oliveira;'+55 43 98417-1150;Santo Antônio da Platina;;Eleitor;PR;-23.295;-50.0775
Pedro Lucas Dos reis borba;(43) 99100-2003;Santo Antônio da Platina;;Eleitor;PR;-23.295;-50.0775
Pedro Pio Neto;(14) 98808-6986;Santo Antônio da Platina;;Eleitor;PR;-23.295;-50.0775
Rafael;'+55 43 99133-7333;Santo Antônio da Platina;;Eleitor;PR;-23.295;-50.0775
Rafael Fernandes da Silva;(43) 99933-3490;Santo Antônio da Platina;;Eleitor;PR;-23.295;-50.0775
Rafaela Borges;(11) 94215-8312;Santo Antônio da Platina;;Eleitor;PR;-23.295;-50.0775
Rafaela Borges;4399999999;Santo Antônio da Platina;;Eleitor;PR;-23.295;-50.0775
Rafaele Policarpo de Souza;(43) 99639-4828;Santo Antônio da Platina;;Eleitor;PR;-23.295;-50.0775
RAIMUNDO DE ALMEIDA LIMA;(21) 98957-0338;Santo Antônio da Platina;;Eleitor;PR;-23.295;-50.0775
Rayane Carvalho;43996001352;Santo Antônio da Platina;;Eleitor;PR;-23.295;-50.0775
Regiane Alves Rodrigues;(43) 99804-6151;Santo Antônio da Platina;;Eleitor;PR;-23.295;-50.0775
Regimar Godoi de Freitas;43998318737;Santo Antônio da Platina;;Eleitor;PR;-23.295;-50.0775
Reinaldo Leopoldo Santos;43999160869;Santo Antônio da Platina;;Eleitor;PR;-23.295;-50.0775
Renan Camargo;'+55 43 99122-0707;Santo Antônio da Platina;;Eleitor;PR;-23.295;-50.0775
RENAN CAMARGO CORRE;(43) 99912-2818;Santo Antônio da Platina;;Eleitor;PR;-23.295;-50.0775
Renata Lúcio Laurentino;(43) 99621-9985;Santo Antônio da Platina;;Eleitor;PR;-23.295;-50.0775
Ricardo Afonso;'+55 43 99115-5454;Santo Antônio da Platina;;Eleitor;PR;-23.295;-50.0775
Ricardo de Almeida Gaudencio;(43) 99977-1563;Santo Antônio da Platina;;Eleitor;PR;-23.295;-50.0775
Ricardo Justino da Silva;(43) 99176-2347;Santo Antônio da Platina;;Eleitor;PR;-23.295;-50.0775
Rinaldo Antônio Frediani;(43) 99910-1101;Santo Antônio da Platina;;Eleitor;PR;-23.295;-50.0775
Rinaldo Caetano de Godoi;43999081326;Santo Antônio da Platina;;Eleitor;PR;-23.295;-50.0775
Rodolpho;'+55 43 99918-3532;Santo Antônio da Platina;;Eleitor;PR;-23.295;-50.0775
Rodrigo Erichsen Bertolini;(43) 99975-1307;Santo Antônio da Platina;;Eleitor;PR;-23.295;-50.0775
Rodrigo Gomes da costa;(43) 9933-8600;Santo Antônio da Platina;;Eleitor;PR;-23.295;-50.0775
ROGÉRIO ELIAS;'+55 43 99959-9504;Santo Antônio da Platina;;Eleitor;PR;-23.295;-50.0775
Ronaldo Antônio Frediani;43999101108;Santo Antônio da Platina;;Eleitor;PR;-23.295;-50.0775
Ronyerison Ferreira Barbosa;(43) 99968-2409;Santo Antônio da Platina;;Eleitor;PR;-23.295;-50.0775
Rosa Castro;(43) 99835-4798;Santo Antônio da Platina;;Eleitor;PR;-23.295;-50.0775
Rosane Bannwart;43991249171;Santo Antônio da Platina;;Eleitor;PR;-23.295;-50.0775
Rosane Baskra;4399166682;Santo Antônio da Platina;;Eleitor;PR;-23.295;-50.0775
Rosane Baskra;43991666821;Santo Antônio da Platina;;Eleitor;PR;-23.295;-50.0775
Rose Radio;'+55 43 99987-6515;Santo Antônio da Platina;;Eleitor;PR;-23.295;-50.0775
Rosiene Rodrigues da Silva Amaral;(43) 99657-6884;Santo Antônio da Platina;;Eleitor;PR;-23.295;-50.0775
Rosineide Oliveira;(43) 98833-1461;Santo Antônio da Platina;;Eleitor;PR;-23.295;-50.0775
Rossana Viviane Patuzzo Vieira;(43) 99933-0578;Santo Antônio da Platina;;Eleitor;PR;-23.295;-50.0775
RUBENS HELBEL JÚNIOR;43998050303;Santo Antônio da Platina;;Eleitor;PR;-23.295;-50.0775
Samuel carlos Tressoldy;(43) 99604-7377;Santo Antônio da Platina;;Eleitor;PR;-23.295;-50.0775
Samuel Martins Simoes;43996815888;Santo Antônio da Platina;;Eleitor;PR;-23.295;-50.0775
Sandro Cheiro Verde;'+55 43 99966-0349;Santo Antônio da Platina;;Eleitor;PR;-23.295;-50.0775
Sandro Crespo Luna;(43) 99191-6042;Santo Antônio da Platina;;Eleitor;PR;-23.295;-50.0775
Sandro Ferreira;(43) 99976-2044;Santo Antônio da Platina;;Eleitor;PR;-23.295;-50.0775
Selma Siberia;43998026046;Santo Antônio da Platina;;Eleitor;PR;-23.295;-50.0775
Silmara Aparecida de Toledo Marques;(43) 99918-2893;Santo Antônio da Platina;;Eleitor;PR;-23.295;-50.0775
silvana souza;(43) 99916-0051;Santo Antônio da Platina;;Eleitor;PR;-23.295;-50.0775
Silvano de Araújo;(43) 99814-3327;Santo Antônio da Platina;;Eleitor;PR;-23.295;-50.0775
Simone Santana de ABreu;43999100137;Santo Antônio da Platina;;Eleitor;PR;-23.295;-50.0775
Stefani Adriano;43984377152;Santo Antônio da Platina;;Eleitor;PR;-23.295;-50.0775
Sérgio Pinheiro  Furquim;(43) 99966-5194;Santo Antônio da Platina;;Eleitor;PR;-23.295;-50.0775
Tati;'+55 43 99919-9697;Santo Antônio da Platina;;Eleitor;PR;-23.295;-50.0775
Tereza dos Reis Carlos;(43) 9936-3558;Santo Antônio da Platina;;Eleitor;PR;-23.295;-50.0775
Terezinha maiorky;(43) 99969-3478;Santo Antônio da Platina;;Eleitor;PR;-23.295;-50.0775
Thaís Ogawa Machado;43984828648;Santo Antônio da Platina;;Eleitor;PR;-23.295;-50.0775
Thiago Aguiar Silva;(13) 98875-4629;Santo Antônio da Platina;;Eleitor;PR;-23.295;-50.0775
Thomaz Machado de Aquino;43991438664;Santo Antônio da Platina;;Eleitor;PR;-23.295;-50.0775
Tânia canto bardal;43999272957;Santo Antônio da Platina;;Eleitor;PR;-23.295;-50.0775
Valdir Domingos de Souza;(43) 99925-6232;Santo Antônio da Platina;;Eleitor;PR;-23.295;-50.0775
Valdir José Nazario;(43) 99953-9617;Santo Antônio da Platina;;Eleitor;PR;-23.295;-50.0775
Valdir Severiano da Silva;43999296535;Santo Antônio da Platina;;Eleitor;PR;-23.295;-50.0775
Valdirene Aparecida Ferreira;43999147887;Santo Antônio da Platina;;Eleitor;PR;-23.295;-50.0775
Vanderlei Custódio;43999534372;Santo Antônio da Platina;;Eleitor;PR;-23.295;-50.0775
Vera Cristina de Paula Santos;43998111667;Santo Antônio da Platina;;Eleitor;PR;-23.295;-50.0775
Vera Lúcia Marques;43999093167;Santo Antônio da Platina;;Eleitor;PR;-23.295;-50.0775
Veruschka Boss Vieira;(43) 99924-8888;Santo Antônio da Platina;;Eleitor;PR;-23.295;-50.0775
Vinicius Antônio Camargo;(43) 99109-0327;Santo Antônio da Platina;;Eleitor;PR;-23.295;-50.0775
Vitor Ryan Francisco Santos;(43) 99810-4743;Santo Antônio da Platina;;Eleitor;PR;-23.295;-50.0775
Vitor Vieira;43996915768;Santo Antônio da Platina;;Eleitor;PR;-23.295;-50.0775
Vânia Dias Cardoso;4399322865;Santo Antônio da Platina;;Eleitor;PR;-23.295;-50.0775
Wallace Moraes;(43) 99606-0563;Santo Antônio da Platina;;Eleitor;PR;-23.295;-50.0775
Walter Francisco Lemos;(43) 99113-4221;Santo Antônio da Platina;;Eleitor;PR;-23.295;-50.0775
Willian Luis teixeira;(43) 99605-8217;Santo Antônio da Platina;;Eleitor;PR;-23.295;-50.0775
Wilsinho Radio;'+55 43 99977-6011;Santo Antônio da Platina;;Eleitor;PR;-23.295;-50.0775
Wilson Furtado;43998463982;Santo Antônio da Platina;;Eleitor;PR;-23.295;-50.0775
Ygor lemes;43998408880;Santo Antônio da Platina;;Eleitor;PR;-23.295;-50.0775
Zaqueu Honorato sabino;43998181836;Santo Antônio da Platina;;Eleitor;PR;-23.295;-50.0775
Zezao Coelho;43 99156-4271;Santo Antônio da Platina;;Eleitor;PR;-23.295;-50.0775
Álvaro Tramontim Vale;(43) 99964-1817;Santo Antônio da Platina;;Eleitor;PR;-23.295;-50.0775
Édson Muniz Gonçalves;43999374099;Santo Antônio da Platina;;Eleitor;PR;-23.295;-50.0775
Aldinne Maynara;(43) 98422-4123;Sapopema;;Eleitor;PR;-23.91;-50.5819
Bruna Cristina de Oliveira Alves;(43) 98872-1403;Sapopema;;Eleitor;PR;-23.91;-50.5819
Jean Guerreiro;(43) 8492-6765;Sapopema;;Eleitor;PR;-23.91;-50.5819
Luiz Alberto Kava dos Santos;(43) 9928-2159;Sapopema;;Eleitor;PR;-23.91;-50.5819
Ronie Lara;(43) 98415-7004;Sapopema;;Eleitor;PR;-23.91;-50.5819
Valdecir Matias de Carvalho;(43) 9860-3716;Sapopema;;Eleitor;PR;-23.91;-50.5819
Celso Romualdo dos Santos;43-99916-7501;Sengés;;Eleitor;PR;-24.1136;-49.4606
Luiz Carlos Giovanetti;(43) 99931-0167;Sengés;;Eleitor;PR;-24.1136;-49.4606
Moysés Neto;'+55 41 98866-5494;Sengés;;Eleitor;PR;-24.1136;-49.4606
Walter Juliano Dória;(43) 9815-6210;Sengés;;Eleitor;PR;-24.1136;-49.4606
Wilian Dib;(43) 99979-0792;Sengés;;Eleitor;PR;-24.1136;-49.4606
Antônio José de Araújo;(43) 99139-3922;Sertaneja;;Eleitor;PR;-23.0361;-50.8317
Bruna Luanna Franco de Oliveira;(43) 99145-8899;Sertaneja;;Eleitor;PR;-23.0361;-50.8317
Bruno Alencar C Bastos;(43) 99164-1648;Sertaneja;;Eleitor;PR;-23.0361;-50.8317
Cleuza de Souza Franco;(43) 99104-1243;Sertaneja;;Eleitor;PR;-23.0361;-50.8317
Crezio cesar de oliveira;(43) 99858-2216;Sertaneja;;Eleitor;PR;-23.0361;-50.8317
FRANCISCO ANTÔNIO PEREIRA;(43) 98863-6149;Sertaneja;;Eleitor;PR;-23.0361;-50.8317
Jamison;'+55 43 99107-1375;Sertaneja;;Eleitor;PR;-23.0361;-50.8317
Jose Antonio Pimenta;(43) 99142-2348;Sertaneja;;Eleitor;PR;-23.0361;-50.8317
José Valeriano Iesque;(43) 99127-1306;Sertaneja;;Eleitor;PR;-23.0361;-50.8317
Leandro Martins;(43) 99182-5051;Sertaneja;;Eleitor;PR;-23.0361;-50.8317
Leonel Otávio Rodrigues;(43) 99149-7147;Sertaneja;;Eleitor;PR;-23.0361;-50.8317
Maikon Soares;(43) 99901-9606;Sertaneja;;Eleitor;PR;-23.0361;-50.8317
Marc Boye;'+55 43 99168-3538;Sertaneja;;Eleitor;PR;-23.0361;-50.8317
Mayk da Fé ascarengas Andrade;(43) 99105-2066;Sertaneja;;Eleitor;PR;-23.0361;-50.8317
Márcio Leandro Oliveira;(43) 99916-5631;Sertaneja;;Eleitor;PR;-23.0361;-50.8317
Valdeci da fé;43991214601;Sertaneja;;Eleitor;PR;-23.0361;-50.8317
valdecir Carlos Martins;(43) 99112-7311;Sertaneja;;Eleitor;PR;-23.0361;-50.8317
valdeis dias siqueira;(43) 99123-9186;Sertaneja;;Eleitor;PR;-23.0361;-50.8317
ANDERSON MOTOOS;(43) 99122-2442;Sertanópolis;;Eleitor;PR;-23.0575;-51.0378
Carla Sanches Rossato;(43) 98402-4059;Sertanópolis;;Eleitor;PR;-23.0575;-51.0378
Celina Fátima dos Reis Terassi;(44) 99116-1353;Sertanópolis;;Eleitor;PR;-23.0575;-51.0378
Diego Luiz Cardoso;(43) 99101-0516;Sertanópolis;;Eleitor;PR;-23.0575;-51.0378
Fábio Scapim;(43) 98402-9478;Sertanópolis;;Eleitor;PR;-23.0575;-51.0378
Glauco Rogério Ghislere;(43) 99114-7675;Sertanópolis;;Eleitor;PR;-23.0575;-51.0378
Guilherme Henrique Hoffmann;(43) 99141-5045;Sertanópolis;;Eleitor;PR;-23.0575;-51.0378
José Rogério Dos Santos;(43) 99149-9064;Sertanópolis;;Eleitor;PR;-23.0575;-51.0378
Lilian Fernandes;43991777857;Sertanópolis;;Eleitor;PR;-23.0575;-51.0378
Luiz Gabriel Cavani Marques;(43) 99133-3569;Sertanópolis;;Eleitor;PR;-23.0575;-51.0378
Marco Antonio Hoffman;(43) 98403-5114;Sertanópolis;;Eleitor;PR;-23.0575;-51.0378
Marco Aurelio de Oliveira Biazotto;(43) 98806-9900;Sertanópolis;;Eleitor;PR;-23.0575;-51.0378
Nivaldo Cardoso Neto;43999259161;Sertanópolis;;Eleitor;PR;-23.0575;-51.0378
Paloma Venturelli;(43) 99109-6970;Sertanópolis;;Eleitor;PR;-23.0575;-51.0378
Roberta Sanches Rossato Scapim;(43) 98413-0575;Sertanópolis;;Eleitor;PR;-23.0575;-51.0378
Sandreli Ferrer;(43) 99191-4270;Sertanópolis;;Eleitor;PR;-23.0575;-51.0378
Leodir Bonilha;(43) 99935-2177;Siqueira Campos;;Eleitor;PR;-23.6886;-49.8322
Luiz Henrique Germano;43-99977-1298;Siqueira Campos;;Eleitor;PR;-23.6886;-49.8322
Marlon Bonilha;(41) 99974-4400;Siqueira Campos;;Eleitor;PR;-23.6886;-49.8322
Maurão;(43) 99935-2217;Siqueira Campos;;Eleitor;PR;-23.6886;-49.8322
Paulo César Leite dos Santos;(43) 99935-2231;Siqueira Campos;;Eleitor;PR;-23.6886;-49.8322
Rodrigo Bento;(43) 9987-5341;Siqueira Campos;;Eleitor;PR;-23.6886;-49.8322
Osvaldo Cardoso Bianco;(43) 99822-4694;São Carlos do Ivaí;;Eleitor;PR;-23.3153;-52.475
Reginaldo Alexandre de Souza;(43) 99151-0095;São Jerônimo da Serra;;Eleitor;PR;-23.7264;-50.7364
Venicius;'+55 43 99147-4426;São Jerônimo da Serra;;Eleitor;PR;-23.7264;-50.7364
Daniel Amaral;(43) 99951-3569;São José da Boa Vista;;Eleitor;PR;-23.9139;-49.6539
Debora alves andronic de aquino;(43) 99836-6422;São José da Boa Vista;;Eleitor;PR;-23.9139;-49.6539
Franciele Inocência Camargo Amaral;(43) 99820-5390;São José da Boa Vista;;Eleitor;PR;-23.9139;-49.6539
Glei Marcelo Barbosa;(43) 9986-3759;São José da Boa Vista;;Eleitor;PR;-23.9139;-49.6539
Jazom Oliveira Ferro;(43) 9903-8741;São José da Boa Vista;;Eleitor;PR;-23.9139;-49.6539
José Lucas Rolim Bento;(43) 9984-2171;São José da Boa Vista;;Eleitor;PR;-23.9139;-49.6539
Júlio Cezar Mendes de Morais;(41) 9922-4953;São José da Boa Vista;;Eleitor;PR;-23.9139;-49.6539
Kátia Aparecida Tamm Mendes de Morais;(43) 99835-3348;São José da Boa Vista;;Eleitor;PR;-23.9139;-49.6539
Pedro Sérgio Kroneis;(43) 99979-1623;São José da Boa Vista;;Eleitor;PR;-23.9139;-49.6539
Valdemir Thomaz De Aquino;(43) 99610-1497;São José da Boa Vista;;Eleitor;PR;-23.9139;-49.6539
Alberi Godoy;41-98471-6498;São José dos Pinhais;;Eleitor;PR;-25.535;-49.2058
ANTONIO BIAZUS PRESTES;(41) 99616-6720;São José dos Pinhais;;Eleitor;PR;-25.535;-49.2058
Clóvis Amorim;(41) 99966-8004;São José dos Pinhais;;Eleitor;PR;-25.535;-49.2058
Débora Palu;41 99616-1423;São José dos Pinhais;;Eleitor;PR;-25.535;-49.2058
EDILSON DE SOUZA;(41) 99139-9441;São José dos Pinhais;;Eleitor;PR;-25.535;-49.2058
Fabio Pereira;41-99251-7940;São José dos Pinhais;;Eleitor;PR;-25.535;-49.2058
João Henrique Monczac da Nova;41-99893-7079;São José dos Pinhais;;Eleitor;PR;-25.535;-49.2058
LUIZ CARLOS ARENDT;(41) 99630-3222;São José dos Pinhais;;Eleitor;PR;-25.535;-49.2058
Luiz Carlos Bracholka;41-98892-3226;São José dos Pinhais;;Eleitor;PR;-25.535;-49.2058
Maisa;'+55 41 99972-0553;São José dos Pinhais;;Eleitor;PR;-25.535;-49.2058
MARCOS DA VIDOFER;(41) 98455-4600;São José dos Pinhais;;Eleitor;PR;-25.535;-49.2058
MISAEL FERREIRA;(41) 99770-0394;São José dos Pinhais;;Eleitor;PR;-25.535;-49.2058
Pali Valaski;41 99194-1103;São José dos Pinhais;;Eleitor;PR;-25.535;-49.2058
Paulo Miranda;41-98507-1000;São José dos Pinhais;;Eleitor;PR;-25.535;-49.2058
Paulo Ricardo da Nova;41-99569-4334;São José dos Pinhais;;Eleitor;PR;-25.535;-49.2058
Renata Soraia Moleta;41-99905-6357;São José dos Pinhais;;Eleitor;PR;-25.535;-49.2058
Ricardo Gawlak;41-98422-0839;São José dos Pinhais;;Eleitor;PR;-25.535;-49.2058
Rogerio Negoseki;41-99179-7575;São José dos Pinhais;;Eleitor;PR;-25.535;-49.2058
Romão Batista;41-99979-9055;São José dos Pinhais;;Eleitor;PR;-25.535;-49.2058
Vanessa Nego;41-99931-3877;São José dos Pinhais;;Eleitor;PR;-25.535;-49.2058
Eliani Colomari;'+55 45 99952-5885;São Miguel do Iguaçu;;Eleitor;PR;-25.3481;-54.2389
Exilaine gaspar;(43) 99913-2170;São Sebastião da Amoreira;;Eleitor;PR;-23.4667;-50.7622
Genito Severino dos santos;(43) 99913-2190;São Sebastião da Amoreira;;Eleitor;PR;-23.4667;-50.7622
Ismael Justino da Silva;(43) 99956-4912;São Sebastião da Amoreira;;Eleitor;PR;-23.4667;-50.7622
José Aparecido Braga;(43) 99662-2333;São Sebastião da Amoreira;;Eleitor;PR;-23.4667;-50.7622
joão Batista Alves da Costa;(43) 99674-1507;São Sebastião da Amoreira;;Eleitor;PR;-23.4667;-50.7622
Luan Gaspar;'+55 43 99989-4548;São Sebastião da Amoreira;;Eleitor;PR;-23.4667;-50.7622
Nelson Ferreira;(43) 99687-9163;São Sebastião da Amoreira;;Eleitor;PR;-23.4667;-50.7622
Osmar Ramalho;(43) 99699-6373;São Sebastião da Amoreira;;Eleitor;PR;-23.4667;-50.7622
Francis Cardoso Perecin;(44) 99113-4763;Tapira;;Eleitor;PR;-24.7517;-53.0694
Celso Luiz de Freitas;(42) 99869-5718;Teixeira Soares;;Eleitor;PR;-25.3711;-50.4581
Darcisio Urnau;(42) 99932-9292;Teixeira Soares;;Eleitor;PR;-25.3711;-50.4581
Douglas Eloi Ruppel;(42) 99818-4775;Teixeira Soares;;Eleitor;PR;-25.3711;-50.4581
Emerson Vidal dos Santos;(42) 99928-3686;Teixeira Soares;;Eleitor;PR;-25.3711;-50.4581
Ernani Lindemann;(42) 99978-2813;Teixeira Soares;;Eleitor;PR;-25.3711;-50.4581
Euri David;(42) 99972-7520;Teixeira Soares;;Eleitor;PR;-25.3711;-50.4581
Juliana Belinoski;4399949-1571;Teixeira Soares;;Eleitor;PR;-25.3711;-50.4581
Levi Varela;42-99924-6700;Teixeira Soares;;Eleitor;PR;-25.3711;-50.4581
Lisiane Rocha Czech;'+55 42 99119-6925;Teixeira Soares;;Eleitor;PR;-25.3711;-50.4581
Lucinei Carlos Thomaz;(42) 99987-3701;Teixeira Soares;;Eleitor;PR;-25.3711;-50.4581
Rejani Thomaz;(42) 99127-0817;Teixeira Soares;;Eleitor;PR;-25.3711;-50.4581
Vilmar Bitencourt;(42) 99845-0423;Teixeira Soares;;Eleitor;PR;-25.3711;-50.4581
Diogo Contin;42984024469;Telêmaco Borba;;Eleitor;PR;-24.3247;-50.6153
Emerson da Silva Rocha;(42) 99921-4712;Telêmaco Borba;;Eleitor;PR;-24.3247;-50.6153
Ike Kroll;'+55 42 99909-7096;Telêmaco Borba;;Eleitor;PR;-24.3247;-50.6153
Marcelo Ribeiro de Camargo;43991261813;Telêmaco Borba;;Eleitor;PR;-24.3247;-50.6153
osnildo ribeiro;'+55 42 99955-4952;Telêmaco Borba;;Eleitor;PR;-24.3247;-50.6153
Ronaldo Aparecido Gomes;42999262620;Telêmaco Borba;;Eleitor;PR;-24.3247;-50.6153
Thiago Chamorra;(43) 99903-2345;Telêmaco Borba;;Eleitor;PR;-24.3247;-50.6153
Wilson Pinheiro;42998739991;Telêmaco Borba;;Eleitor;PR;-24.3247;-50.6153
Fernando;'+55 44 98812-1314;Terra Roxa;;Eleitor;PR;-24.1569;-54.0978
Maria Regina Vieira;'+55 44 99757-0484;Terra Roxa;;Eleitor;PR;-24.1569;-54.0978
Agérico Aníbal Carneiro Prestes;(42) 98839-8885;Tibagi;;Eleitor;PR;-24.5131;-50.4153
Angela Regina Mercer de Mello Nasser;(41) 98898-8572;Tibagi;;Eleitor;PR;-24.5131;-50.4153
Artur Ricardo Nolte;(42) 99972-3752;Tibagi;;Eleitor;PR;-24.5131;-50.4153
Jose Lucas Mattos de Mello;(42) 99949-9602;Tibagi;;Eleitor;PR;-24.5131;-50.4153
José Alci de oliveira;(41) 99265-3535;Tibagi;;Eleitor;PR;-24.5131;-50.4153
Marlene Chizini Barreto;(42) 8833-7183;Tibagi;;Eleitor;PR;-24.5131;-50.4153
Mauricio Chizini Barreto;(42) 98848-5193;Tibagi;;Eleitor;PR;-24.5131;-50.4153
MAURICIO CHIZINI BARRETO FILHO;(42) 98866-4486;Tibagi;;Eleitor;PR;-24.5131;-50.4153
Miguel;(41) 99944-8485;Tibagi;;Eleitor;PR;-24.5131;-50.4153
Rosilaine Vitoriano Saraiva Da Silva;(42) 99810-6960;Tibagi;;Eleitor;PR;-24.5131;-50.4153
Juciely;'+55 45 99821-4313;Toledo;;Eleitor;PR;-24.7136;-53.7431
MARINEZ BETTEGA;'+55 45 99947-0398;Toledo;;Eleitor;PR;-24.7136;-53.7431
Adalberto Sanches da Silva;(43) 99629-3011;Tomazina;;Eleitor;PR;-23.7728;-49.9547
Celso Antônio Ribeiro dos Santos;(43) 99603-3746;Tomazina;;Eleitor;PR;-23.7728;-49.9547
Cezao;'+55 43 99934-4730;Tomazina;;Eleitor;PR;-23.7728;-49.9547
Derli Rodrigues;(43) 99924-0905;Tomazina;;Eleitor;PR;-23.7728;-49.9547
Flávio Xavier de Lima Zanrosso;(43) 98811-3888;Tomazina;;Eleitor;PR;-23.7728;-49.9547
Hélio Targino Ribeiro;(43) 98802-4989;Tomazina;;Eleitor;PR;-23.7728;-49.9547
Ademar Moacir Cordeiro;41-99695-6511;Tunas do Paraná;;Eleitor;PR;-24.9747;-49.0856
Antônio Marcos Baldão;41-98818-3648;Tunas do Paraná;;Eleitor;PR;-24.9747;-49.0856
José Oscar Bibas;(41) 99967-4830;Tunas do Paraná;;Eleitor;PR;-24.9747;-49.0856
Marco Baldão;(41) 98812-2100;Tunas do Paraná;;Eleitor;PR;-24.9747;-49.0856
Mário Sérgio Bedeu;(44) 99979-9664;Ubiratã;;Eleitor;PR;-24.5414;-52.9889
Sandra Maria de Souza Bedeu;(44) 99986-7719;Ubiratã;;Eleitor;PR;-24.5414;-52.9889
ALAN PEREIRA E SILVA;(43) 99821-5155;Uraí;;Eleitor;PR;-23.1994;-50.7936
Alaíde Alevatto;'+55 43 99168-5828;Uraí;;Eleitor;PR;-23.1994;-50.7936
Arlete Aparecida Rossi Martins Salamanca;(43) 9930-0047;Uraí;;Eleitor;PR;-23.1994;-50.7936
Elisângela de Lima;(19) 98719-8122;Uraí;;Eleitor;PR;-23.1994;-50.7936
Gilsander de lima;(43) 98482-1363;Uraí;;Eleitor;PR;-23.1994;-50.7936
Iracema Itimura;(43) 98431-6374;Uraí;;Eleitor;PR;-23.1994;-50.7936
Italo Itimura;(43) 99937-3889;Uraí;;Eleitor;PR;-23.1994;-50.7936
José Laercio Salgado;(43) 99953-1184;Uraí;;Eleitor;PR;-23.1994;-50.7936
José Leonardo Matta Salgado;(43) 99989-6327;Uraí;;Eleitor;PR;-23.1994;-50.7936
Juliany Cristina Zechim Matta Salgado;(43) 99839-1829;Uraí;;Eleitor;PR;-23.1994;-50.7936
Laura Helena de Lima;(43) 99612-8524;Uraí;;Eleitor;PR;-23.1994;-50.7936
Ligiane Mirely Cabreira alves;(43) 99827-1333;Uraí;;Eleitor;PR;-23.1994;-50.7936
Sueli Bachim;'+55 43 99969-2685;Uraí;;Eleitor;PR;-23.1994;-50.7936
Sueli Maria Bachim do Santos;(43) 99929-4919;Uraí;;Eleitor;PR;-23.1994;-50.7936
Alaorzinho Taques;(42) 99971-2003;Ventania;;Eleitor;PR;-24.2447;-50.2378
Gessi gomes bueno;(42) 99942-6866;Ventania;;Eleitor;PR;-24.2447;-50.2378
Juliano Proença de Moraes;(15) 98120-6162;Ventania;;Eleitor;PR;-24.2447;-50.2378
Jurandir Proença Lopes;(11) 97368-2710;Ventania;;Eleitor;PR;-24.2447;-50.2378
Luiz Edmundo Taques;(43) 99943-9422;Ventania;;Eleitor;PR;-24.2447;-50.2378
Rafael Taques;(42) 99974-0725;Ventania;;Eleitor;PR;-24.2447;-50.2378
Zélio;(42) 9952-0346;Ventania;;Eleitor;PR;-24.2447;-50.2378
Alceu Oliveira de Almeida Júnior;(43) 99830-2113;Wenceslau Braz;;Eleitor;PR;-23.8733;-49.8039
José Natal;(43) 99617-5151;Wenceslau Braz;;Eleitor;PR;-23.8733;-49.8039
Robson Vilela de Moura;(43) 99669-1780;Wenceslau Braz;;Eleitor;PR;-23.8733;-49.8039
LUCIO MARCELINO SANTOS;43999273007;;;Eleitor;PR;-24.0;-51.0
